sample_id,trial_id,timestamp,gaze_x,gaze_y,pupil_left,pupil_right,blink,fixation,saccade,validity
1,T001,0.000,0.570,0.499,3.25,3.60,0,0,1,1
2,T001,0.017,0.458,0.497,3.27,3.24,0,1,0,1
3,T001,0.033,0.341,0.504,3.66,3.67,0,0,1,1
4,T001,0.050,0.351,0.506,3.34,3.39,0,1,0,0
5,T001,0.067,0.572,0.495,3.64,3.28,0,1,0,1
6,T001,0.083,0.617,0.549,3.41,3.30,0,1,0,1
7,T001,0.100,0.578,0.479,3.48,3.47,0,1,0,1
8,T001,0.117,0.481,0.568,3.40,3.33,0,0,1,1
9,T001,0.133,0.571,0.504,3.24,3.57,0,1,0,1
10,T001,0.150,0.505,0.433,3.20,3.68,0,1,0,1
11,T001,0.167,0.613,0.535,2.99,3.67,0,1,0,1
12,T001,0.183,0.604,0.384,3.34,3.17,0,1,0,1
13,T001,0.200,0.544,0.469,3.31,3.03,0,1,0,1
14,T001,0.217,0.525,0.540,3.37,3.47,0,1,0,1
15,T001,0.233,0.509,0.472,3.29,3.41,0,1,0,0
16,T001,0.250,0.482,0.368,3.25,2.89,0,1,0,1
17,T001,0.267,0.445,0.506,3.37,3.52,0,0,1,1
18,T001,0.283,0.535,0.498,3.09,3.43,0,1,0,1
19,T001,0.300,0.519,0.426,3.36,3.60,0,1,0,1
20,T001,0.317,0.388,0.456,3.50,3.29,0,1,0,1
21,T001,0.333,0.515,0.519,3.51,3.02,0,1,0,1
22,T001,0.350,0.596,0.578,3.34,3.29,0,1,0,1
23,T001,0.367,0.471,0.575,3.27,3.13,0,1,0,1
24,T001,0.383,0.439,0.481,3.28,3.23,0,1,0,1
25,T001,0.400,0.439,0.543,3.12,3.54,0,1,0,1
26,T001,0.417,0.458,0.591,3.40,3.42,0,1,0,1
27,T001,0.433,0.547,0.622,3.53,3.25,0,0,1,0
28,T001,0.450,0.533,0.357,3.10,3.23,0,1,0,1
29,T001,0.467,0.701,0.576,3.09,3.47,0,1,0,1
30,T001,0.483,0.585,0.425,3.19,3.20,0,1,0,1
31,T001,0.500,0.514,0.465,3.31,3.37,0,0,1,1
32,T001,0.517,0.539,0.532,3.35,3.67,0,1,0,1
33,T001,0.533,0.576,0.540,3.05,3.25,0,1,0,1
34,T001,0.550,0.561,0.412,3.35,3.25,0,1,0,1
35,T001,0.567,0.514,0.540,2.86,3.05,0,0,1,1
36,T001,0.583,0.470,0.547,3.61,3.22,0,1,0,1
37,T001,0.600,0.503,0.533,3.25,3.29,0,0,1,1
38,T001,0.617,0.747,0.405,3.53,3.06,0,1,0,1
39,T001,0.633,0.567,0.499,3.02,3.41,0,1,0,1
40,T001,0.650,0.555,0.592,3.25,3.49,0,1,0,0
41,T001,0.667,0.464,0.657,3.10,3.20,0,0,1,1
42,T001,0.683,0.449,0.495,3.02,3.56,0,1,0,0
43,T001,0.700,0.570,0.548,3.38,3.31,0,0,1,1
44,T001,0.717,0.467,0.594,2.86,2.98,0,0,1,1
45,T001,0.733,0.407,0.515,2.93,3.27,0,1,0,1
46,T001,0.750,0.490,0.525,3.52,3.17,0,1,0,1
47,T001,0.767,0.540,0.434,3.47,2.91,0,1,0,1
48,T001,0.783,0.473,0.530,3.11,3.25,0,1,0,1
49,T001,0.800,0.412,0.553,3.22,3.45,0,1,0,1
50,T001,0.817,0.432,0.409,3.35,3.60,0,1,0,1
51,T001,0.833,0.364,0.548,3.44,2.94,0,1,0,1
52,T001,0.850,0.642,0.555,3.03,3.05,0,0,1,1
53,T001,0.867,0.425,0.535,2.99,3.29,0,1,0,1
54,T001,0.883,0.598,0.534,3.18,3.27,0,1,0,1
55,T001,0.900,0.423,0.300,3.10,3.47,0,1,0,1
56,T001,0.917,0.477,0.646,3.48,3.39,0,1,0,1
57,T001,0.933,0.546,0.440,3.63,3.35,0,1,0,1
58,T001,0.950,0.473,0.493,3.25,3.66,0,0,1,1
59,T001,0.967,0.592,0.638,3.04,3.42,0,0,1,1
60,T001,0.983,0.526,0.304,3.21,3.64,0,0,1,0
61,T001,1.000,0.513,0.590,3.34,3.24,0,1,0,1
62,T001,1.017,0.559,0.526,3.40,3.02,0,1,0,1
63,T001,1.033,0.445,0.384,3.26,3.62,0,1,0,1
64,T001,1.050,0.550,0.668,3.45,3.30,0,1,0,1
65,T001,1.067,0.589,0.416,3.30,3.22,0,1,0,1
66,T001,1.083,0.353,0.428,3.38,3.50,0,1,0,1
67,T001,1.100,0.521,0.489,3.09,3.50,0,0,1,1
68,T001,1.117,0.703,0.434,3.54,3.49,0,1,0,1
69,T001,1.133,0.349,0.588,3.12,3.38,0,1,0,1
70,T001,1.150,0.407,0.522,3.18,3.25,0,1,0,1
71,T001,1.167,0.443,0.605,3.31,2.99,0,1,0,1
72,T001,1.183,0.405,0.477,3.19,3.19,0,1,0,1
73,T001,1.200,0.331,0.463,3.47,3.34,0,0,1,1
74,T001,1.217,0.479,0.387,3.39,3.42,0,1,0,1
75,T001,1.233,0.393,0.534,3.35,2.81,0,1,0,1
76,T001,1.250,0.594,0.657,3.29,2.96,0,1,0,1
77,T001,1.267,0.489,0.584,3.49,3.03,0,0,1,1
78,T001,1.283,0.579,0.415,3.04,3.53,0,0,1,1
79,T001,1.300,0.460,0.594,3.24,3.11,0,0,1,1
80,T001,1.317,0.530,0.516,3.35,3.26,0,1,0,1
81,T001,1.333,0.628,0.507,3.45,3.42,0,1,0,1
82,T001,1.350,0.586,0.579,3.22,3.49,0,0,1,1
83,T001,1.367,0.524,0.553,3.26,3.16,0,1,0,1
84,T001,1.383,0.532,0.569,3.35,3.41,0,1,0,1
85,T001,1.400,0.621,0.408,3.83,3.30,0,1,0,1
86,T001,1.417,0.433,0.387,3.26,2.73,0,1,0,1
87,T001,1.433,0.565,0.446,3.26,3.26,0,0,1,1
88,T001,1.450,0.460,0.413,3.28,3.49,0,1,0,1
89,T002,0.000,0.487,0.531,3.13,2.87,0,1,0,1
90,T002,0.017,0.580,0.480,3.35,3.26,0,0,1,1
91,T002,0.033,0.495,0.410,3.19,3.17,0,1,0,1
92,T002,0.050,0.396,0.573,3.28,3.31,0,1,0,1
93,T002,0.067,0.528,0.452,3.33,3.31,0,0,1,1
94,T002,0.083,0.542,0.351,3.34,3.41,0,1,0,1
95,T002,0.100,0.470,0.531,3.25,3.26,0,1,0,1
96,T002,0.117,0.537,0.440,3.14,3.41,0,1,0,1
97,T002,0.133,0.426,0.637,3.07,3.03,0,0,1,1
98,T002,0.150,0.482,0.406,3.12,3.24,0,0,1,0
99,T002,0.167,0.659,0.502,3.33,3.45,0,1,0,1
100,T002,0.183,0.538,0.491,3.15,3.04,0,1,0,1
101,T002,0.200,0.439,0.538,3.40,3.38,0,0,1,1
102,T002,0.217,0.464,0.578,3.24,3.48,0,1,0,1
103,T002,0.233,0.609,0.598,3.80,3.42,0,1,0,1
104,T002,0.250,0.506,0.579,2.98,3.65,0,0,1,1
105,T002,0.267,0.543,0.475,2.78,3.34,0,0,1,1
106,T002,0.283,0.574,0.603,3.50,3.60,0,1,0,1
107,T002,0.300,0.601,0.531,2.89,3.29,0,1,0,1
108,T002,0.317,0.514,0.538,3.40,3.15,0,1,0,1
109,T002,0.333,0.352,0.507,3.47,3.27,0,1,0,1
110,T002,0.350,0.371,0.546,3.05,3.19,0,0,1,1
111,T002,0.367,0.465,0.474,3.40,3.53,0,1,0,1
112,T002,0.383,0.483,0.490,3.19,3.27,0,1,0,1
113,T002,0.400,0.369,0.494,3.22,3.39,0,0,1,1
114,T002,0.417,0.435,0.444,3.30,3.28,0,1,0,1
115,T002,0.433,0.541,0.652,3.51,3.08,0,1,0,1
116,T002,0.450,0.316,0.584,3.22,3.26,0,0,1,1
117,T002,0.467,0.408,0.521,3.14,3.21,0,0,1,1
118,T002,0.483,0.692,0.541,2.96,3.13,0,1,0,1
119,T002,0.500,0.667,0.496,3.28,3.21,0,0,1,1
120,T002,0.517,0.513,0.362,3.16,3.11,0,1,0,0
121,T002,0.533,0.480,0.469,3.09,3.00,0,1,0,1
122,T002,0.550,0.465,0.593,3.37,3.35,0,1,0,1
123,T002,0.567,0.660,0.464,3.65,3.50,0,1,0,1
124,T002,0.583,0.406,0.517,3.61,3.15,0,1,0,1
125,T002,0.600,0.577,0.398,3.32,3.25,0,1,0,1
126,T002,0.617,0.516,0.493,3.28,3.07,1,0,0,0
127,T002,0.633,0.601,0.627,3.35,3.37,0,1,0,1
128,T002,0.650,0.387,0.515,3.00,3.29,0,1,0,1
129,T002,0.667,0.367,0.482,3.39,3.38,0,0,1,1
130,T002,0.683,0.382,0.536,3.38,3.51,0,0,1,1
131,T002,0.700,0.500,0.368,2.94,3.29,0,0,1,1
132,T002,0.717,0.540,0.513,3.10,3.11,0,0,1,1
133,T002,0.733,0.613,0.503,3.34,3.48,1,0,0,0
134,T002,0.750,0.538,0.532,3.45,3.38,0,1,0,1
135,T002,0.767,0.646,0.447,3.18,2.94,0,1,0,1
136,T002,0.783,0.416,0.365,3.58,3.17,0,0,1,1
137,T002,0.800,0.644,0.469,3.16,3.40,0,0,1,1
138,T002,0.817,0.391,0.530,3.32,3.27,0,0,1,0
139,T002,0.833,0.565,0.507,2.97,3.02,0,1,0,1
140,T002,0.850,0.638,0.551,2.94,3.24,0,1,0,1
141,T002,0.867,0.581,0.489,3.12,3.42,0,0,1,1
142,T002,0.883,0.484,0.434,3.23,3.11,0,0,1,1
143,T002,0.900,0.505,0.525,3.11,3.28,0,1,0,1
144,T002,0.917,0.582,0.598,3.71,3.24,0,0,1,1
145,T002,0.933,0.506,0.581,3.47,2.99,0,1,0,1
146,T002,0.950,0.570,0.465,3.22,3.15,0,0,1,1
147,T002,0.967,0.587,0.511,3.30,3.31,0,1,0,1
148,T002,0.983,0.517,0.580,3.17,3.45,0,1,0,1
149,T002,1.000,0.434,0.532,3.48,3.15,0,0,1,0
150,T002,1.017,0.518,0.588,3.59,3.03,0,1,0,1
151,T002,1.033,0.555,0.487,3.47,3.32,0,1,0,1
152,T002,1.050,0.420,0.458,3.32,3.28,0,1,0,1
153,T002,1.067,0.593,0.457,3.35,3.13,0,1,0,1
154,T002,1.083,0.366,0.699,3.42,3.29,0,1,0,1
155,T002,1.100,0.478,0.578,3.34,3.42,0,0,1,1
156,T002,1.117,0.577,0.396,3.26,3.62,0,1,0,1
157,T002,1.133,0.574,0.523,3.18,3.13,0,1,0,1
158,T002,1.150,0.574,0.523,3.25,3.35,0,1,0,1
159,T002,1.167,0.473,0.453,3.18,3.26,0,1,0,0
160,T002,1.183,0.485,0.436,3.41,3.72,0,1,0,1
161,T002,1.200,0.429,0.452,3.34,3.30,0,0,1,1
162,T002,1.217,0.525,0.375,3.13,3.28,0,1,0,1
163,T002,1.233,0.643,0.480,3.06,3.55,0,1,0,1
164,T002,1.250,0.470,0.514,3.41,3.36,0,0,1,1
165,T002,1.267,0.561,0.537,2.97,3.14,0,1,0,0
166,T002,1.283,0.405,0.589,3.35,3.30,0,0,1,1
167,T002,1.300,0.548,0.405,3.45,3.31,0,1,0,1
168,T002,1.317,0.609,0.493,3.66,3.09,0,1,0,1
169,T002,1.333,0.542,0.315,3.55,2.87,0,1,0,1
170,T002,1.350,0.498,0.509,3.23,3.38,0,1,0,1
171,T002,1.367,0.349,0.584,3.38,3.21,0,1,0,1
172,T002,1.383,0.430,0.578,3.18,3.13,0,1,0,1
173,T002,1.400,0.381,0.484,3.18,3.59,0,1,0,1
174,T002,1.417,0.464,0.346,3.14,3.23,0,0,1,1
175,T002,1.433,0.390,0.486,3.33,3.48,0,0,1,1
176,T002,1.450,0.555,0.520,3.21,3.38,0,1,0,0
177,T002,1.467,0.578,0.476,3.85,3.41,0,1,0,1
178,T002,1.483,0.506,0.447,3.34,3.32,0,0,1,1
179,T002,1.500,0.635,0.463,2.94,3.19,0,0,1,1
180,T002,1.517,0.460,0.510,3.21,3.30,0,1,0,1
181,T002,1.533,0.519,0.480,3.44,3.19,0,0,1,1
182,T002,1.550,0.471,0.455,3.58,3.37,0,1,0,1
183,T002,1.567,0.385,0.522,3.34,3.33,0,1,0,1
184,T002,1.583,0.406,0.543,3.52,3.18,0,1,0,1
185,T002,1.600,0.554,0.443,3.25,3.34,0,1,0,1
186,T002,1.617,0.541,0.630,3.32,3.44,0,1,0,1
187,T002,1.633,0.559,0.517,3.04,3.10,0,1,0,1
188,T002,1.650,0.469,0.497,3.16,3.24,0,1,0,1
189,T002,1.667,0.409,0.456,3.23,3.56,0,0,1,1
190,T002,1.683,0.530,0.531,3.33,3.53,0,0,1,1
191,T002,1.700,0.456,0.564,3.28,3.58,0,1,0,1
192,T002,1.717,0.411,0.426,3.41,3.20,0,0,1,1
193,T002,1.733,0.750,0.337,3.17,3.18,0,1,0,1
194,T002,1.750,0.454,0.542,3.25,3.21,0,1,0,1
195,T002,1.767,0.583,0.407,3.26,3.26,0,1,0,1
196,T002,1.783,0.375,0.566,3.49,3.19,1,0,0,0
197,T002,1.800,0.598,0.449,3.25,3.24,0,1,0,1
198,T002,1.817,0.334,0.420,3.47,3.30,0,0,1,1
199,T002,1.833,0.547,0.421,2.87,3.12,0,1,0,1
200,T002,1.850,0.350,0.661,3.24,3.23,0,1,0,1
201,T002,1.867,0.435,0.666,3.30,3.46,0,1,0,1
202,T002,1.883,0.524,0.553,3.74,3.72,0,1,0,1
203,T002,1.900,0.444,0.330,3.51,3.15,0,1,0,1
204,T002,1.917,0.460,0.487,3.79,3.30,0,0,1,1
205,T002,1.933,0.496,0.482,3.43,2.99,0,1,0,1
206,T002,1.950,0.391,0.498,3.40,3.37,0,0,1,1
207,T002,1.967,0.364,0.407,3.26,3.33,0,1,0,1
208,T002,1.983,0.744,0.548,3.05,3.28,0,0,1,1
209,T002,2.000,0.508,0.539,3.41,3.37,0,1,0,1
210,T002,2.017,0.353,0.488,3.20,3.44,0,1,0,0
211,T002,2.033,0.596,0.541,3.34,3.38,0,1,0,1
212,T003,0.000,0.629,0.458,3.18,3.21,0,0,1,1
213,T003,0.017,0.451,0.513,3.44,3.24,0,0,1,1
214,T003,0.033,0.693,0.435,3.19,3.06,0,1,0,1
215,T003,0.050,0.517,0.549,3.40,3.28,0,1,0,1
216,T003,0.067,0.556,0.449,3.37,3.37,0,1,0,1
217,T003,0.083,0.600,0.467,3.26,3.17,0,0,1,0
218,T003,0.100,0.607,0.534,3.28,3.15,0,0,1,1
219,T003,0.117,0.405,0.672,3.33,3.33,1,0,0,0
220,T003,0.133,0.547,0.601,3.20,3.16,0,0,1,1
221,T003,0.150,0.480,0.520,3.73,3.11,0,0,1,1
222,T003,0.167,0.516,0.455,3.32,3.15,0,1,0,1
223,T003,0.183,0.459,0.563,3.44,3.34,0,1,0,1
224,T003,0.200,0.530,0.412,3.54,3.26,0,1,0,1
225,T003,0.217,0.340,0.567,3.08,3.51,0,1,0,1
226,T003,0.233,0.431,0.412,3.34,3.36,0,1,0,1
227,T003,0.250,0.618,0.441,3.19,3.45,0,1,0,1
228,T003,0.267,0.598,0.445,3.22,3.48,0,1,0,1
229,T003,0.283,0.344,0.613,2.93,3.42,0,0,1,1
230,T003,0.300,0.480,0.429,3.32,3.28,1,0,0,0
231,T003,0.317,0.436,0.564,3.35,3.13,0,1,0,1
232,T003,0.333,0.307,0.489,3.48,3.23,0,0,1,1
233,T003,0.350,0.479,0.387,3.31,3.10,0,1,0,1
234,T003,0.367,0.376,0.567,3.30,3.28,0,1,0,1
235,T003,0.383,0.504,0.560,3.28,3.42,0,1,0,0
236,T003,0.400,0.556,0.509,3.26,3.24,0,1,0,0
237,T003,0.417,0.485,0.542,2.91,3.38,0,1,0,0
238,T003,0.433,0.636,0.606,2.97,3.42,0,0,1,1
239,T003,0.450,0.545,0.307,3.44,3.43,0,0,1,1
240,T003,0.467,0.632,0.535,3.69,3.36,0,1,0,1
241,T003,0.483,0.570,0.438,3.61,3.44,0,1,0,1
242,T003,0.500,0.392,0.471,3.36,3.38,0,0,1,1
243,T003,0.517,0.490,0.435,3.66,3.42,0,1,0,1
244,T003,0.533,0.608,0.553,3.24,3.32,0,1,0,1
245,T003,0.550,0.443,0.528,3.18,3.00,0,1,0,1
246,T003,0.567,0.445,0.571,3.36,3.09,0,1,0,0
247,T003,0.583,0.615,0.475,3.57,3.33,0,1,0,1
248,T003,0.600,0.400,0.359,3.44,3.38,0,1,0,1
249,T003,0.617,0.466,0.504,3.18,3.41,0,0,1,1
250,T003,0.633,0.501,0.400,3.29,3.37,0,0,1,1
251,T003,0.650,0.632,0.493,3.22,3.26,0,1,0,1
252,T003,0.667,0.592,0.586,3.27,3.53,0,1,0,1
253,T003,0.683,0.466,0.517,3.17,3.46,0,1,0,1
254,T003,0.700,0.522,0.566,3.22,3.48,0,1,0,1
255,T003,0.717,0.495,0.408,3.56,3.65,0,1,0,1
256,T003,0.733,0.578,0.542,3.30,3.33,1,0,0,0
257,T003,0.750,0.593,0.541,3.29,3.30,0,1,0,1
258,T003,0.767,0.458,0.478,3.40,3.19,0,1,0,1
259,T003,0.783,0.541,0.557,3.39,3.60,0,0,1,1
260,T003,0.800,0.538,0.533,3.10,2.96,0,1,0,1
261,T003,0.817,0.589,0.530,3.50,2.93,0,0,1,1
262,T003,0.833,0.383,0.616,3.37,3.15,0,1,0,1
263,T003,0.850,0.621,0.439,3.72,3.10,0,1,0,1
264,T003,0.867,0.481,0.430,3.35,3.25,0,1,0,1
265,T003,0.883,0.559,0.515,3.31,3.65,0,1,0,1
266,T003,0.900,0.513,0.488,3.44,3.41,1,0,0,0
267,T003,0.917,0.467,0.508,3.13,3.16,0,1,0,1
268,T003,0.933,0.404,0.508,3.27,3.27,0,1,0,1
269,T003,0.950,0.452,0.425,3.33,3.37,0,1,0,1
270,T003,0.967,0.523,0.620,3.33,3.16,0,1,0,1
271,T003,0.983,0.389,0.651,3.22,3.02,0,1,0,1
272,T003,1.000,0.537,0.517,3.54,3.18,0,1,0,1
273,T003,1.017,0.512,0.430,2.91,3.02,0,1,0,1
274,T003,1.033,0.469,0.478,3.42,3.26,0,1,0,1
275,T003,1.050,0.340,0.411,3.37,3.16,0,1,0,1
276,T003,1.067,0.548,0.456,3.44,3.36,0,1,0,1
277,T003,1.083,0.616,0.399,3.33,3.14,0,1,0,1
278,T003,1.100,0.444,0.475,3.49,3.54,0,1,0,1
279,T003,1.117,0.413,0.370,3.42,3.55,0,1,0,1
280,T003,1.133,0.403,0.466,3.39,3.17,0,1,0,1
281,T003,1.150,0.509,0.334,2.94,3.39,0,1,0,1
282,T003,1.167,0.461,0.491,3.23,3.21,0,1,0,1
283,T003,1.183,0.365,0.323,3.29,3.48,0,1,0,1
284,T003,1.200,0.457,0.419,3.29,3.22,0,1,0,1
285,T003,1.217,0.402,0.321,3.67,3.70,0,1,0,1
286,T003,1.233,0.427,0.578,3.58,3.40,0,1,0,1
287,T003,1.250,0.513,0.361,3.04,3.34,0,1,0,1
288,T004,0.000,0.541,0.702,3.30,3.75,0,0,1,1
289,T004,0.017,0.540,0.504,3.35,3.16,0,1,0,1
290,T004,0.033,0.457,0.410,3.18,3.13,0,1,0,1
291,T004,0.050,0.601,0.438,3.05,3.13,0,0,1,1
292,T004,0.067,0.713,0.537,3.27,3.21,0,1,0,1
293,T004,0.083,0.504,0.440,3.07,3.39,0,1,0,1
294,T004,0.100,0.440,0.561,3.17,3.12,0,0,1,0
295,T004,0.117,0.389,0.568,3.22,3.45,0,1,0,1
296,T004,0.133,0.508,0.499,3.45,3.58,0,1,0,1
297,T004,0.150,0.452,0.490,3.10,3.48,0,1,0,1
298,T004,0.167,0.575,0.400,3.47,3.41,0,1,0,1
299,T004,0.183,0.366,0.507,2.81,3.14,0,1,0,1
300,T004,0.200,0.624,0.555,3.15,3.21,0,0,1,1
301,T004,0.217,0.431,0.459,3.13,3.68,0,1,0,1
302,T004,0.233,0.528,0.593,3.20,3.29,0,1,0,1
303,T004,0.250,0.565,0.427,3.18,3.21,0,1,0,1
304,T004,0.267,0.539,0.654,3.25,3.14,0,1,0,1
305,T004,0.283,0.557,0.475,2.93,3.30,0,1,0,1
306,T004,0.300,0.606,0.408,3.16,3.51,0,1,0,1
307,T004,0.317,0.495,0.537,3.16,3.29,0,1,0,1
308,T004,0.333,0.583,0.421,3.22,3.20,0,1,0,1
309,T004,0.350,0.576,0.509,3.18,3.57,0,1,0,1
310,T004,0.367,0.508,0.493,3.66,3.35,0,1,0,1
311,T004,0.383,0.422,0.490,3.13,3.19,0,0,1,1
312,T004,0.400,0.466,0.595,3.49,3.14,0,1,0,1
313,T004,0.417,0.514,0.502,3.07,3.28,0,0,1,1
314,T004,0.433,0.599,0.442,3.14,2.91,0,1,0,1
315,T004,0.450,0.580,0.509,3.38,2.95,0,0,1,0
316,T004,0.467,0.473,0.427,3.35,3.55,0,0,1,1
317,T004,0.483,0.495,0.496,3.09,3.35,0,0,1,1
318,T004,0.500,0.567,0.492,3.41,3.25,0,0,1,1
319,T004,0.517,0.544,0.570,3.35,3.25,0,1,0,1
320,T004,0.533,0.615,0.411,3.08,3.03,0,1,0,1
321,T004,0.550,0.469,0.709,3.35,3.39,0,1,0,1
322,T004,0.567,0.410,0.536,3.07,3.38,0,1,0,1
323,T004,0.583,0.514,0.622,3.63,3.64,0,0,1,1
324,T004,0.600,0.501,0.501,3.31,3.25,0,0,1,1
325,T004,0.617,0.693,0.457,3.26,3.50,0,1,0,1
326,T004,0.633,0.384,0.523,3.43,3.23,0,1,0,1
327,T004,0.650,0.522,0.472,3.30,3.34,0,1,0,1
328,T004,0.667,0.492,0.479,3.59,3.45,0,0,1,1
329,T004,0.683,0.498,0.630,3.59,3.44,0,1,0,1
330,T004,0.700,0.503,0.434,3.35,3.51,0,1,0,1
331,T004,0.717,0.608,0.381,3.42,3.14,0,1,0,1
332,T004,0.733,0.354,0.617,3.43,3.20,0,1,0,1
333,T004,0.750,0.498,0.322,3.45,3.38,0,0,1,1
334,T004,0.767,0.381,0.571,3.43,3.26,0,0,1,1
335,T004,0.783,0.349,0.390,3.46,3.46,0,0,1,1
336,T004,0.800,0.493,0.399,3.22,3.23,0,1,0,1
337,T004,0.817,0.530,0.495,3.38,3.38,0,1,0,1
338,T004,0.833,0.636,0.395,3.25,3.03,0,1,0,1
339,T004,0.850,0.455,0.588,3.38,3.41,0,1,0,1
340,T004,0.867,0.610,0.527,3.26,3.49,0,1,0,1
341,T004,0.883,0.465,0.516,3.19,3.35,0,1,0,1
342,T004,0.900,0.420,0.482,3.57,3.18,0,1,0,1
343,T004,0.917,0.550,0.455,3.63,3.10,0,1,0,1
344,T004,0.933,0.492,0.424,3.35,3.24,0,1,0,1
345,T004,0.950,0.476,0.494,3.35,3.20,1,0,0,0
346,T004,0.967,0.686,0.553,3.34,3.32,0,1,0,1
347,T004,0.983,0.361,0.586,3.33,3.19,0,1,0,1
348,T004,1.000,0.558,0.508,3.41,3.46,0,1,0,1
349,T004,1.017,0.590,0.538,3.27,2.88,0,1,0,1
350,T004,1.033,0.470,0.427,3.39,3.18,0,1,0,1
351,T004,1.050,0.488,0.626,2.96,3.37,0,1,0,1
352,T004,1.067,0.546,0.452,3.10,3.40,0,1,0,1
353,T004,1.083,0.535,0.526,3.35,3.34,0,1,0,1
354,T004,1.100,0.444,0.646,3.32,3.39,0,0,1,1
355,T004,1.117,0.646,0.569,3.50,3.02,0,1,0,1
356,T004,1.133,0.440,0.483,3.16,3.18,0,1,0,1
357,T004,1.150,0.480,0.558,3.34,2.95,0,1,0,1
358,T004,1.167,0.671,0.431,3.05,3.73,0,1,0,1
359,T004,1.183,0.565,0.540,3.40,3.12,0,1,0,1
360,T004,1.200,0.572,0.626,3.21,3.65,0,1,0,1
361,T004,1.217,0.563,0.397,3.08,3.36,0,0,1,1
362,T004,1.233,0.482,0.355,3.36,3.15,0,1,0,1
363,T004,1.250,0.511,0.360,3.43,2.93,0,1,0,1
364,T004,1.267,0.351,0.473,3.15,3.53,0,1,0,1
365,T004,1.283,0.414,0.530,3.23,2.96,0,0,1,1
366,T004,1.300,0.527,0.476,3.02,3.17,0,1,0,1
367,T004,1.317,0.389,0.434,3.10,2.92,0,1,0,1
368,T004,1.333,0.533,0.554,3.24,3.12,0,1,0,0
369,T004,1.350,0.473,0.542,3.57,3.36,0,1,0,1
370,T004,1.367,0.478,0.490,3.36,3.55,0,0,1,1
371,T004,1.383,0.396,0.449,3.34,3.40,0,1,0,0
372,T004,1.400,0.573,0.512,3.11,3.41,0,1,0,1
373,T004,1.417,0.500,0.595,3.53,3.43,0,1,0,1
374,T004,1.433,0.546,0.547,2.98,3.30,0,0,1,1
375,T004,1.450,0.512,0.452,3.41,3.34,0,1,0,1
376,T004,1.467,0.508,0.445,3.36,3.53,0,0,1,1
377,T004,1.483,0.576,0.415,3.27,3.11,0,0,1,1
378,T004,1.500,0.534,0.378,3.22,2.95,0,1,0,1
379,T004,1.517,0.406,0.475,3.39,3.07,0,1,0,1
380,T004,1.533,0.515,0.549,3.40,3.28,0,1,0,0
381,T004,1.550,0.492,0.522,3.04,3.67,0,1,0,1
382,T004,1.567,0.445,0.591,3.45,3.11,0,1,0,1
383,T004,1.583,0.677,0.463,3.21,3.43,0,1,0,1
384,T004,1.600,0.539,0.472,3.14,3.79,0,1,0,1
385,T004,1.617,0.544,0.628,3.35,3.28,0,1,0,1
386,T004,1.633,0.563,0.464,3.37,3.15,0,0,1,1
387,T004,1.650,0.529,0.451,3.10,3.09,0,1,0,1
388,T004,1.667,0.661,0.530,3.23,3.27,0,1,0,1
389,T004,1.683,0.471,0.555,3.22,3.14,0,0,1,1
390,T004,1.700,0.451,0.432,3.16,3.23,0,1,0,1
391,T004,1.717,0.414,0.458,3.14,3.49,0,0,1,1
392,T004,1.733,0.377,0.510,3.27,3.54,0,1,0,1
393,T004,1.750,0.501,0.450,3.62,3.21,0,1,0,1
394,T004,1.767,0.539,0.713,3.28,3.38,0,1,0,1
395,T004,1.783,0.458,0.404,3.04,3.43,0,0,1,1
396,T004,1.800,0.741,0.468,3.41,3.18,0,0,1,1
397,T004,1.817,0.680,0.500,3.06,3.04,0,1,0,1
398,T004,1.833,0.464,0.462,3.14,3.61,0,1,0,1
399,T004,1.850,0.558,0.442,3.25,3.27,0,0,1,1
400,T004,1.867,0.518,0.441,3.24,3.40,0,1,0,1
401,T005,0.000,0.406,0.660,3.53,3.60,0,1,0,1
402,T005,0.017,0.459,0.417,3.07,2.80,0,1,0,1
403,T005,0.033,0.524,0.417,3.16,3.57,0,1,0,0
404,T005,0.050,0.554,0.566,3.24,3.37,0,0,1,1
405,T005,0.067,0.502,0.719,3.19,3.48,0,1,0,1
406,T005,0.083,0.616,0.657,3.12,3.28,0,1,0,1
407,T005,0.100,0.472,0.427,3.18,3.29,0,1,0,1
408,T005,0.117,0.577,0.489,3.24,3.24,0,1,0,1
409,T005,0.133,0.413,0.451,3.26,3.40,0,1,0,1
410,T005,0.150,0.545,0.522,3.16,2.97,0,1,0,1
411,T005,0.167,0.621,0.331,3.16,3.02,0,0,1,1
412,T005,0.183,0.439,0.542,3.28,3.33,0,1,0,1
413,T005,0.200,0.451,0.446,3.35,3.34,0,1,0,1
414,T005,0.217,0.483,0.517,3.40,3.59,0,1,0,1
415,T005,0.233,0.524,0.452,3.43,3.33,0,1,0,1
416,T005,0.250,0.490,0.481,3.54,3.30,0,1,0,1
417,T005,0.267,0.573,0.557,3.48,3.44,0,1,0,1
418,T005,0.283,0.517,0.604,3.08,3.26,0,1,0,1
419,T005,0.300,0.562,0.485,3.09,3.30,0,1,0,1
420,T005,0.317,0.600,0.513,3.23,3.29,0,1,0,1
421,T005,0.333,0.334,0.540,3.22,3.12,0,1,0,1
422,T005,0.350,0.409,0.397,3.45,2.76,0,1,0,1
423,T005,0.367,0.497,0.434,3.47,3.25,0,1,0,0
424,T005,0.383,0.551,0.525,3.50,3.37,0,1,0,1
425,T005,0.400,0.522,0.488,3.13,3.39,0,1,0,1
426,T005,0.417,0.587,0.536,3.07,3.17,0,0,1,1
427,T005,0.433,0.374,0.551,3.30,3.38,0,1,0,1
428,T005,0.450,0.543,0.629,3.19,3.18,0,1,0,1
429,T005,0.467,0.484,0.471,2.97,3.47,0,1,0,1
430,T005,0.483,0.497,0.352,3.67,3.48,0,0,1,1
431,T005,0.500,0.575,0.425,3.57,3.19,0,1,0,1
432,T005,0.517,0.547,0.305,3.24,3.18,0,1,0,1
433,T005,0.533,0.428,0.622,3.30,3.39,0,0,1,1
434,T005,0.550,0.438,0.306,3.48,3.46,0,1,0,1
435,T005,0.567,0.584,0.303,3.27,3.29,0,1,0,1
436,T005,0.583,0.479,0.563,3.19,3.44,0,1,0,1
437,T005,0.600,0.396,0.563,3.30,3.14,0,1,0,1
438,T005,0.617,0.596,0.433,3.29,3.45,0,1,0,1
439,T005,0.633,0.425,0.469,3.29,3.37,0,0,1,1
440,T005,0.650,0.448,0.492,3.10,3.34,0,1,0,1
441,T005,0.667,0.328,0.567,3.02,3.64,0,1,0,1
442,T005,0.683,0.689,0.523,3.65,3.29,0,0,1,1
443,T005,0.700,0.416,0.435,3.50,3.11,0,1,0,1
444,T005,0.717,0.560,0.430,3.23,3.04,0,0,1,1
445,T005,0.733,0.530,0.639,3.27,3.54,0,0,1,1
446,T005,0.750,0.572,0.532,3.24,3.36,0,1,0,1
447,T005,0.767,0.533,0.470,3.13,3.07,0,0,1,1
448,T005,0.783,0.578,0.409,3.33,3.34,0,0,1,1
449,T005,0.800,0.694,0.484,3.08,3.04,0,1,0,1
450,T005,0.817,0.595,0.399,3.17,3.47,0,0,1,1
451,T005,0.833,0.392,0.445,3.14,3.56,0,0,1,1
452,T005,0.850,0.573,0.473,3.35,3.08,0,1,0,1
453,T005,0.867,0.412,0.470,3.29,3.07,0,0,1,1
454,T005,0.883,0.485,0.602,3.46,3.20,0,0,1,1
455,T005,0.900,0.479,0.524,3.39,3.30,0,1,0,1
456,T005,0.917,0.582,0.461,3.12,3.56,0,1,0,1
457,T005,0.933,0.485,0.492,3.17,3.63,0,1,0,1
458,T005,0.950,0.417,0.456,3.51,3.39,0,1,0,1
459,T005,0.967,0.575,0.456,3.36,3.11,0,1,0,1
460,T005,0.983,0.587,0.456,2.95,3.38,1,0,0,0
461,T005,1.000,0.456,0.447,3.23,3.32,0,1,0,1
462,T005,1.017,0.425,0.531,3.21,3.59,0,1,0,1
463,T005,1.033,0.481,0.458,3.27,3.21,0,1,0,1
464,T005,1.050,0.395,0.431,3.44,3.47,0,1,0,1
465,T005,1.067,0.579,0.461,3.43,3.26,0,1,0,1
466,T005,1.083,0.468,0.563,3.35,3.48,0,1,0,1
467,T005,1.100,0.520,0.488,3.34,3.77,0,1,0,0
468,T005,1.117,0.511,0.543,3.31,3.41,0,1,0,1
469,T005,1.133,0.490,0.514,2.99,3.27,0,1,0,1
470,T005,1.150,0.314,0.585,3.29,3.06,0,0,1,1
471,T005,1.167,0.448,0.688,3.41,3.38,0,0,1,1
472,T005,1.183,0.508,0.562,3.29,3.34,0,1,0,1
473,T005,1.200,0.502,0.481,3.33,3.24,0,0,1,1
474,T005,1.217,0.439,0.581,3.40,3.57,0,0,1,1
475,T005,1.233,0.436,0.513,3.58,3.09,0,1,0,1
476,T005,1.250,0.644,0.358,3.37,3.14,0,1,0,1
477,T005,1.267,0.466,0.393,3.64,3.20,0,1,0,1
478,T005,1.283,0.461,0.564,3.27,3.22,0,1,0,1
479,T005,1.300,0.334,0.484,2.98,3.37,0,1,0,1
480,T005,1.317,0.514,0.531,3.11,3.33,0,0,1,1
481,T005,1.333,0.544,0.470,3.43,3.28,0,1,0,1
482,T005,1.350,0.468,0.550,3.29,3.43,0,1,0,1
483,T005,1.367,0.533,0.467,3.34,3.32,0,1,0,0
484,T005,1.383,0.545,0.487,3.45,3.02,0,0,1,1
485,T005,1.400,0.605,0.469,3.34,3.25,0,1,0,0
486,T005,1.417,0.508,0.573,3.29,3.69,0,0,1,1
487,T005,1.433,0.580,0.551,3.36,3.01,0,1,0,1
488,T005,1.450,0.470,0.522,3.09,3.31,0,0,1,1
489,T005,1.467,0.554,0.669,3.13,3.53,0,1,0,1
490,T005,1.483,0.375,0.426,3.50,3.30,0,1,0,1
491,T005,1.500,0.492,0.519,3.32,3.18,0,1,0,1
492,T005,1.517,0.493,0.376,3.21,3.29,0,1,0,1
493,T005,1.533,0.515,0.610,3.05,3.35,0,0,1,1
494,T005,1.550,0.558,0.508,3.15,3.26,0,1,0,1
495,T005,1.567,0.482,0.503,3.49,3.27,0,1,0,1
496,T005,1.583,0.485,0.516,3.10,3.35,0,1,0,1
497,T006,0.000,0.491,0.464,3.48,2.92,0,1,0,1
498,T006,0.017,0.434,0.510,3.67,3.89,0,1,0,1
499,T006,0.033,0.503,0.508,2.78,3.23,0,1,0,1
500,T006,0.050,0.441,0.483,3.49,3.25,0,0,1,1
501,T006,0.067,0.464,0.438,3.35,3.35,0,1,0,1
502,T006,0.083,0.580,0.500,3.17,3.04,0,1,0,1
503,T006,0.100,0.381,0.549,3.24,3.01,0,1,0,1
504,T006,0.117,0.484,0.523,3.45,3.36,0,1,0,1
505,T006,0.133,0.405,0.510,3.38,3.39,0,1,0,1
506,T006,0.150,0.453,0.449,3.17,3.09,0,1,0,1
507,T006,0.167,0.532,0.406,3.04,3.60,0,1,0,1
508,T006,0.183,0.478,0.516,3.54,3.33,0,1,0,1
509,T006,0.200,0.521,0.404,3.20,3.35,0,1,0,1
510,T006,0.217,0.547,0.392,2.80,3.02,0,1,0,1
511,T006,0.233,0.423,0.620,3.46,3.29,0,0,1,1
512,T006,0.250,0.487,0.562,3.15,3.09,0,1,0,1
513,T006,0.267,0.671,0.531,3.60,3.27,0,1,0,1
514,T006,0.283,0.444,0.554,3.16,3.28,0,0,1,1
515,T006,0.300,0.458,0.505,3.51,3.61,0,1,0,1
516,T006,0.317,0.489,0.511,3.55,3.37,0,1,0,1
517,T006,0.333,0.466,0.322,3.12,3.60,0,1,0,1
518,T006,0.350,0.502,0.405,2.96,3.26,0,1,0,1
519,T006,0.367,0.550,0.473,3.34,3.40,0,0,1,1
520,T006,0.383,0.551,0.471,3.66,3.06,0,1,0,1
521,T006,0.400,0.547,0.603,3.04,3.15,0,1,0,1
522,T006,0.417,0.578,0.562,3.21,3.43,0,1,0,1
523,T006,0.433,0.470,0.409,3.44,3.44,0,0,1,1
524,T006,0.450,0.576,0.556,3.17,3.50,0,1,0,1
525,T006,0.467,0.398,0.557,3.21,3.46,0,0,1,1
526,T006,0.483,0.445,0.334,3.17,3.47,0,1,0,1
527,T006,0.500,0.539,0.532,3.29,3.33,0,0,1,1
528,T006,0.517,0.505,0.568,3.16,2.89,0,1,0,1
529,T006,0.533,0.471,0.689,3.41,3.47,0,0,1,1
530,T006,0.550,0.663,0.452,3.50,2.99,0,0,1,1
531,T006,0.567,0.605,0.513,3.31,3.18,0,1,0,1
532,T006,0.583,0.532,0.480,3.63,2.87,1,0,0,0
533,T006,0.600,0.648,0.496,3.14,3.16,0,1,0,1
534,T006,0.617,0.530,0.575,3.19,3.24,0,1,0,1
535,T006,0.633,0.555,0.409,3.22,3.50,0,0,1,1
536,T006,0.650,0.501,0.541,3.49,3.20,0,1,0,1
537,T006,0.667,0.484,0.516,3.44,3.31,0,1,0,0
538,T006,0.683,0.578,0.469,3.62,3.18,0,1,0,1
539,T006,0.700,0.598,0.579,3.02,3.53,0,0,1,1
540,T006,0.717,0.459,0.463,3.16,3.35,0,0,1,1
541,T006,0.733,0.504,0.749,3.07,3.29,0,1,0,1
542,T006,0.750,0.433,0.520,3.35,3.52,0,1,0,1
543,T006,0.767,0.539,0.324,3.23,3.34,0,1,0,1
544,T006,0.783,0.603,0.604,3.32,3.58,0,1,0,1
545,T006,0.800,0.603,0.646,3.29,3.15,0,1,0,1
546,T006,0.817,0.544,0.576,3.57,3.11,0,0,1,1
547,T006,0.833,0.419,0.495,3.18,3.50,0,1,0,1
548,T006,0.850,0.524,0.512,3.48,3.35,0,1,0,1
549,T006,0.867,0.478,0.453,3.37,3.48,0,1,0,1
550,T006,0.883,0.541,0.613,3.25,3.37,0,1,0,1
551,T006,0.900,0.471,0.396,3.00,3.07,0,1,0,1
552,T006,0.917,0.515,0.533,3.32,2.85,0,1,0,1
553,T006,0.933,0.509,0.397,3.11,3.56,0,0,1,1
554,T006,0.950,0.562,0.446,2.87,3.33,0,0,1,1
555,T006,0.967,0.522,0.424,3.27,3.68,0,1,0,1
556,T006,0.983,0.558,0.531,3.35,3.65,0,1,0,1
557,T006,1.000,0.518,0.486,3.51,3.36,0,1,0,1
558,T006,1.017,0.569,0.316,3.35,3.46,0,1,0,1
559,T006,1.033,0.524,0.453,3.40,3.46,0,1,0,1
560,T006,1.050,0.486,0.630,3.16,3.24,0,1,0,1
561,T006,1.067,0.460,0.572,3.28,3.67,1,0,0,0
562,T006,1.083,0.564,0.566,3.36,3.18,0,0,1,1
563,T006,1.100,0.464,0.464,3.42,3.35,0,0,1,1
564,T006,1.117,0.627,0.397,3.34,3.08,0,1,0,1
565,T006,1.133,0.533,0.310,2.93,3.34,0,1,0,1
566,T006,1.150,0.370,0.464,3.29,3.73,0,1,0,1
567,T006,1.167,0.490,0.538,3.44,3.09,0,1,0,1
568,T006,1.183,0.437,0.610,3.09,3.08,0,0,1,1
569,T006,1.200,0.533,0.470,3.48,3.25,0,1,0,1
570,T006,1.217,0.476,0.475,3.45,3.40,1,0,0,0
571,T006,1.233,0.378,0.594,3.20,3.24,0,0,1,1
572,T006,1.250,0.441,0.414,3.09,3.45,0,1,0,1
573,T006,1.267,0.405,0.592,3.24,3.13,0,1,0,1
574,T006,1.283,0.586,0.537,3.28,3.22,0,0,1,1
575,T006,1.300,0.428,0.594,3.47,2.99,0,1,0,1
576,T006,1.317,0.542,0.454,3.20,3.10,0,1,0,1
577,T006,1.333,0.416,0.380,3.20,3.20,0,1,0,1
578,T006,1.350,0.561,0.354,3.22,3.26,0,1,0,0
579,T006,1.367,0.506,0.675,3.22,3.63,0,0,1,1
580,T006,1.383,0.378,0.577,3.43,3.55,0,0,1,1
581,T006,1.400,0.550,0.407,3.12,3.55,0,1,0,1
582,T006,1.417,0.515,0.350,3.39,3.23,0,1,0,1
583,T006,1.433,0.415,0.490,3.40,3.52,0,1,0,1
584,T006,1.450,0.502,0.616,3.56,3.27,0,1,0,1
585,T006,1.467,0.491,0.432,3.33,3.52,0,1,0,1
586,T006,1.483,0.557,0.488,3.05,3.33,0,1,0,1
587,T006,1.500,0.524,0.419,3.21,2.73,0,1,0,1
588,T006,1.517,0.433,0.454,2.98,3.47,0,0,1,1
589,T006,1.533,0.607,0.568,3.36,3.48,0,1,0,1
590,T006,1.550,0.494,0.456,3.42,3.51,0,1,0,1
591,T006,1.567,0.462,0.465,3.15,3.36,0,1,0,1
592,T006,1.583,0.542,0.573,3.08,3.02,0,1,0,1
593,T006,1.600,0.430,0.672,3.19,2.99,0,1,0,1
594,T006,1.617,0.599,0.469,3.07,3.49,0,1,0,1
595,T006,1.633,0.426,0.414,3.15,3.38,0,1,0,1
596,T006,1.650,0.522,0.581,3.26,3.37,0,1,0,1
597,T006,1.667,0.573,0.452,3.36,3.50,0,1,0,1
598,T006,1.683,0.355,0.550,3.29,3.43,0,0,1,1
599,T006,1.700,0.618,0.489,3.33,3.38,0,1,0,1
600,T006,1.717,0.500,0.418,3.34,3.29,0,1,0,0
601,T006,1.733,0.475,0.593,3.29,3.34,0,1,0,1
602,T006,1.750,0.568,0.548,3.05,3.09,0,1,0,1
603,T006,1.767,0.495,0.666,3.17,3.59,0,0,1,1
604,T006,1.783,0.491,0.492,3.37,3.45,0,1,0,1
605,T006,1.800,0.385,0.504,3.31,3.25,0,1,0,1
606,T006,1.817,0.597,0.377,3.56,3.29,0,0,1,1
607,T006,1.833,0.331,0.459,3.42,3.30,0,0,1,1
608,T006,1.850,0.433,0.561,3.64,3.52,0,0,1,1
609,T006,1.867,0.438,0.612,3.42,3.27,0,0,1,1
610,T006,1.883,0.479,0.473,3.31,3.33,0,1,0,1
611,T006,1.900,0.564,0.503,3.43,3.15,0,1,0,1
612,T006,1.917,0.450,0.485,3.35,3.56,0,1,0,1
613,T006,1.933,0.564,0.426,3.24,3.29,0,1,0,1
614,T006,1.950,0.548,0.503,3.43,3.53,0,1,0,1
615,T006,1.967,0.519,0.553,3.42,3.33,0,1,0,1
616,T006,1.983,0.553,0.363,3.35,3.32,0,1,0,1
617,T006,2.000,0.455,0.459,3.02,3.65,0,0,1,1
618,T006,2.017,0.414,0.462,3.35,3.31,0,1,0,1
619,T006,2.033,0.489,0.633,3.37,3.18,0,1,0,1
620,T006,2.050,0.600,0.512,2.89,3.64,0,1,0,1
621,T006,2.067,0.538,0.507,3.05,2.98,0,1,0,1
622,T006,2.083,0.364,0.454,3.25,3.10,0,1,0,1
623,T006,2.100,0.435,0.466,3.29,3.22,0,1,0,1
624,T006,2.117,0.533,0.552,3.50,3.32,0,1,0,1
625,T006,2.133,0.461,0.506,3.05,3.28,0,0,1,1
626,T006,2.150,0.447,0.453,3.21,3.10,1,0,0,0
627,T006,2.167,0.444,0.405,3.08,3.40,1,0,0,0
628,T007,0.000,0.414,0.432,2.98,3.54,0,1,0,1
629,T007,0.017,0.515,0.526,3.35,3.51,0,1,0,1
630,T007,0.033,0.645,0.482,3.25,3.32,0,0,1,1
631,T007,0.050,0.615,0.471,3.13,3.40,0,1,0,1
632,T007,0.067,0.492,0.485,3.32,3.26,0,1,0,0
633,T007,0.083,0.437,0.489,3.07,3.37,0,1,0,1
634,T007,0.100,0.417,0.395,3.63,3.05,0,0,1,1
635,T007,0.117,0.401,0.441,3.10,3.36,0,1,0,0
636,T007,0.133,0.491,0.511,3.32,3.18,0,1,0,1
637,T007,0.150,0.519,0.590,3.28,3.20,0,1,0,1
638,T007,0.167,0.624,0.389,3.46,2.82,0,1,0,1
639,T007,0.183,0.586,0.562,3.27,3.29,0,1,0,0
640,T007,0.200,0.698,0.417,3.29,3.36,0,1,0,1
641,T007,0.217,0.424,0.402,3.08,3.25,0,1,0,1
642,T007,0.233,0.557,0.530,3.25,3.23,0,1,0,0
643,T007,0.250,0.624,0.427,3.58,3.30,0,1,0,1
644,T007,0.267,0.502,0.476,3.14,3.05,0,1,0,1
645,T007,0.283,0.509,0.606,3.50,3.37,0,1,0,1
646,T007,0.300,0.485,0.501,3.48,3.36,0,1,0,1
647,T007,0.317,0.491,0.383,3.17,3.18,0,0,1,1
648,T007,0.333,0.559,0.676,3.43,3.46,0,1,0,1
649,T007,0.350,0.649,0.436,3.31,2.85,0,0,1,1
650,T007,0.367,0.525,0.497,3.40,2.95,0,1,0,1
651,T007,0.383,0.486,0.438,3.21,3.19,0,1,0,1
652,T007,0.400,0.386,0.476,3.20,3.67,0,1,0,1
653,T007,0.417,0.511,0.558,3.47,3.26,0,1,0,1
654,T007,0.433,0.520,0.513,3.34,3.32,0,0,1,1
655,T007,0.450,0.509,0.453,3.12,3.32,0,1,0,1
656,T007,0.467,0.554,0.515,3.35,3.25,0,0,1,1
657,T007,0.483,0.312,0.548,3.74,2.94,0,1,0,1
658,T007,0.500,0.515,0.477,3.29,3.09,0,0,1,1
659,T007,0.517,0.467,0.454,3.27,3.41,0,1,0,1
660,T007,0.533,0.470,0.481,3.26,3.27,0,1,0,1
661,T007,0.550,0.679,0.613,3.32,3.25,0,1,0,1
662,T007,0.567,0.469,0.625,3.35,3.15,0,1,0,1
663,T007,0.583,0.443,0.323,3.21,3.56,0,0,1,1
664,T007,0.600,0.478,0.522,3.17,3.06,0,1,0,1
665,T007,0.617,0.498,0.583,3.16,3.53,0,0,1,1
666,T007,0.633,0.453,0.664,3.24,3.39,0,1,0,1
667,T007,0.650,0.495,0.442,3.42,3.33,0,0,1,0
668,T007,0.667,0.504,0.396,3.03,3.46,0,1,0,1
669,T007,0.683,0.487,0.447,3.24,3.37,0,1,0,1
670,T007,0.700,0.459,0.457,3.34,3.48,0,0,1,1
671,T007,0.717,0.621,0.412,3.47,3.27,0,1,0,1
672,T007,0.733,0.469,0.420,3.06,3.29,0,1,0,1
673,T007,0.750,0.444,0.491,3.24,3.20,0,0,1,1
674,T007,0.767,0.527,0.656,3.62,3.34,0,0,1,1
675,T007,0.783,0.566,0.383,3.39,3.36,0,1,0,1
676,T007,0.800,0.411,0.472,3.09,3.46,0,0,1,1
677,T007,0.817,0.646,0.571,3.36,3.28,0,0,1,1
678,T007,0.833,0.358,0.434,3.37,2.93,0,1,0,1
679,T007,0.850,0.613,0.402,2.94,3.22,0,0,1,1
680,T007,0.867,0.490,0.566,3.44,3.35,0,1,0,1
681,T007,0.883,0.527,0.511,3.63,3.75,0,1,0,1
682,T007,0.900,0.552,0.521,3.28,3.30,0,0,1,1
683,T007,0.917,0.474,0.379,3.30,3.53,0,1,0,1
684,T007,0.933,0.578,0.468,3.28,3.20,0,1,0,0
685,T007,0.950,0.533,0.488,3.45,3.30,0,1,0,1
686,T007,0.967,0.403,0.537,3.16,3.34,1,0,0,0
687,T007,0.983,0.608,0.570,3.31,3.27,0,1,0,1
688,T007,1.000,0.793,0.587,3.78,3.40,0,1,0,1
689,T007,1.017,0.568,0.560,3.48,3.09,0,1,0,1
690,T007,1.033,0.437,0.593,3.60,3.45,0,1,0,1
691,T007,1.050,0.212,0.531,3.13,3.39,0,1,0,1
692,T007,1.067,0.517,0.641,3.09,3.24,0,0,1,1
693,T007,1.083,0.478,0.528,3.16,3.14,0,0,1,1
694,T007,1.100,0.533,0.401,3.70,3.52,1,0,0,0
695,T007,1.117,0.502,0.523,2.90,3.34,0,0,1,1
696,T007,1.133,0.530,0.507,3.06,3.18,0,1,0,1
697,T007,1.150,0.474,0.404,3.19,3.17,0,1,0,1
698,T007,1.167,0.456,0.359,3.57,3.59,0,0,1,1
699,T007,1.183,0.422,0.545,3.52,3.18,0,1,0,1
700,T007,1.200,0.629,0.436,3.36,3.23,0,1,0,1
701,T007,1.217,0.396,0.494,3.16,3.45,0,1,0,1
702,T007,1.233,0.481,0.485,2.99,3.33,0,1,0,1
703,T007,1.250,0.425,0.600,3.11,3.17,0,0,1,1
704,T007,1.267,0.489,0.706,3.16,3.21,0,0,1,1
705,T007,1.283,0.450,0.313,3.38,3.17,0,1,0,1
706,T007,1.300,0.532,0.574,3.43,3.47,0,1,0,0
707,T007,1.317,0.506,0.457,3.56,3.22,0,1,0,1
708,T007,1.333,0.339,0.530,3.22,3.40,0,1,0,1
709,T007,1.350,0.567,0.611,2.93,3.59,1,0,0,0
710,T007,1.367,0.451,0.452,3.03,3.35,0,1,0,1
711,T007,1.383,0.594,0.446,3.25,3.30,0,1,0,1
712,T007,1.400,0.452,0.537,3.26,3.51,0,0,1,0
713,T007,1.417,0.418,0.537,3.21,3.03,0,0,1,1
714,T007,1.433,0.568,0.567,3.44,3.49,0,1,0,1
715,T007,1.450,0.528,0.480,3.28,3.45,0,0,1,1
716,T007,1.467,0.556,0.450,3.15,3.17,0,1,0,1
717,T007,1.483,0.571,0.415,3.18,3.22,0,1,0,1
718,T007,1.500,0.383,0.499,3.46,3.56,0,1,0,1
719,T007,1.517,0.501,0.464,3.10,3.33,0,0,1,1
720,T007,1.533,0.366,0.513,3.19,2.87,0,1,0,1
721,T007,1.550,0.592,0.469,3.14,3.22,0,0,1,1
722,T007,1.567,0.529,0.513,3.37,3.55,0,0,1,1
723,T008,0.000,0.378,0.339,3.34,2.99,0,1,0,1
724,T008,0.017,0.594,0.487,3.17,3.29,0,0,1,1
725,T008,0.033,0.476,0.401,3.34,2.96,0,1,0,1
726,T008,0.050,0.570,0.672,2.89,3.13,0,1,0,1
727,T008,0.067,0.515,0.547,3.05,2.96,0,1,0,1
728,T008,0.083,0.489,0.563,3.26,3.27,0,1,0,1
729,T008,0.100,0.511,0.571,3.69,3.07,0,0,1,1
730,T008,0.117,0.522,0.235,3.35,3.23,0,1,0,1
731,T008,0.133,0.640,0.416,3.10,3.49,0,1,0,1
732,T008,0.150,0.487,0.517,3.41,3.27,0,0,1,1
733,T008,0.167,0.450,0.370,3.35,3.63,0,0,1,1
734,T008,0.183,0.552,0.596,3.22,3.17,0,1,0,1
735,T008,0.200,0.518,0.464,3.37,3.32,0,1,0,1
736,T008,0.217,0.604,0.531,3.32,3.67,0,1,0,1
737,T008,0.233,0.525,0.401,3.20,3.06,0,1,0,1
738,T008,0.250,0.430,0.643,3.00,3.73,0,1,0,1
739,T008,0.267,0.580,0.522,3.07,3.28,0,1,0,1
740,T008,0.283,0.304,0.453,3.35,3.23,0,1,0,1
741,T008,0.300,0.560,0.564,3.54,3.34,0,1,0,1
742,T008,0.317,0.554,0.487,3.34,3.68,0,1,0,1
743,T008,0.333,0.461,0.389,3.53,3.28,0,1,0,1
744,T008,0.350,0.471,0.570,3.12,3.36,0,1,0,1
745,T008,0.367,0.434,0.536,3.39,3.53,0,1,0,1
746,T008,0.383,0.553,0.564,3.34,3.28,0,1,0,1
747,T008,0.400,0.656,0.567,3.14,3.78,0,0,1,1
748,T008,0.417,0.677,0.604,3.52,3.41,0,1,0,0
749,T008,0.433,0.396,0.431,3.46,3.47,0,0,1,1
750,T008,0.450,0.719,0.560,3.26,3.51,0,1,0,1
751,T008,0.467,0.623,0.605,3.28,3.52,0,0,1,1
752,T008,0.483,0.543,0.495,3.56,3.75,0,0,1,1
753,T008,0.500,0.460,0.405,3.08,3.15,0,1,0,1
754,T008,0.517,0.540,0.530,3.33,3.40,0,1,0,1
755,T008,0.533,0.492,0.503,3.15,3.31,0,1,0,1
756,T008,0.550,0.566,0.528,3.06,3.27,0,0,1,1
757,T008,0.567,0.605,0.495,3.21,3.30,0,1,0,1
758,T008,0.583,0.494,0.454,3.46,3.30,0,1,0,1
759,T008,0.600,0.435,0.626,3.25,2.92,0,1,0,1
760,T008,0.617,0.569,0.446,3.32,3.42,0,0,1,0
761,T008,0.633,0.570,0.554,3.57,3.03,0,1,0,1
762,T008,0.650,0.469,0.440,3.45,3.01,0,1,0,1
763,T008,0.667,0.524,0.540,3.18,3.31,0,1,0,1
764,T008,0.683,0.386,0.466,3.63,3.64,0,1,0,1
765,T008,0.700,0.599,0.457,3.07,3.18,0,1,0,1
766,T008,0.717,0.516,0.517,3.35,3.24,0,0,1,1
767,T008,0.733,0.406,0.361,3.48,3.11,0,1,0,1
768,T008,0.750,0.463,0.517,3.22,3.32,0,0,1,1
769,T008,0.767,0.468,0.533,3.06,2.98,0,1,0,0
770,T008,0.783,0.528,0.391,3.57,3.21,0,0,1,1
771,T008,0.800,0.568,0.660,3.05,3.18,0,0,1,1
772,T008,0.817,0.589,0.569,3.24,3.24,0,1,0,1
773,T008,0.833,0.449,0.431,3.28,3.27,0,1,0,1
774,T008,0.850,0.422,0.532,2.97,3.29,0,1,0,1
775,T008,0.867,0.461,0.538,3.45,3.54,0,1,0,1
776,T008,0.883,0.559,0.538,3.32,3.47,0,1,0,1
777,T008,0.900,0.524,0.561,3.25,3.13,0,1,0,1
778,T008,0.917,0.522,0.426,3.38,3.39,0,1,0,1
779,T008,0.933,0.423,0.539,3.32,3.16,0,1,0,1
780,T008,0.950,0.615,0.470,3.32,3.42,0,1,0,1
781,T008,0.967,0.426,0.552,3.24,3.31,0,1,0,1
782,T008,0.983,0.502,0.431,3.21,3.18,0,0,1,1
783,T008,1.000,0.378,0.609,3.38,3.26,0,1,0,1
784,T008,1.017,0.538,0.526,3.35,3.31,0,1,0,1
785,T008,1.033,0.423,0.501,3.32,3.25,0,0,1,1
786,T008,1.050,0.350,0.667,3.40,3.38,0,1,0,1
787,T008,1.067,0.466,0.575,3.31,3.57,0,1,0,1
788,T008,1.083,0.424,0.414,3.51,3.18,0,0,1,1
789,T008,1.100,0.517,0.541,3.12,3.22,0,0,1,1
790,T008,1.117,0.567,0.448,3.35,3.20,0,1,0,1
791,T008,1.133,0.622,0.409,3.69,3.31,0,0,1,1
792,T008,1.150,0.572,0.394,3.34,3.26,0,1,0,1
793,T008,1.167,0.549,0.560,3.32,3.15,0,1,0,1
794,T008,1.183,0.444,0.477,3.47,3.38,1,0,0,0
795,T008,1.200,0.528,0.411,3.20,3.10,0,1,0,1
796,T008,1.217,0.450,0.462,3.12,3.41,0,1,0,1
797,T008,1.233,0.617,0.658,3.39,3.33,0,0,1,1
798,T008,1.250,0.225,0.555,3.16,3.35,0,0,1,1
799,T008,1.267,0.578,0.596,3.42,3.14,0,1,0,1
800,T008,1.283,0.501,0.337,3.27,3.16,0,1,0,1
801,T008,1.300,0.513,0.591,3.27,3.39,0,1,0,1
802,T008,1.317,0.491,0.589,3.29,3.49,0,0,1,1
803,T008,1.333,0.259,0.533,3.33,3.02,0,1,0,1
804,T009,0.000,0.481,0.641,3.31,3.50,0,0,1,1
805,T009,0.017,0.499,0.329,3.56,3.14,0,0,1,1
806,T009,0.033,0.610,0.552,3.07,3.19,0,1,0,1
807,T009,0.050,0.589,0.579,3.53,3.54,0,1,0,1
808,T009,0.067,0.411,0.414,3.57,3.56,0,1,0,1
809,T009,0.083,0.450,0.624,3.59,2.80,0,1,0,1
810,T009,0.100,0.523,0.509,3.40,3.27,0,1,0,1
811,T009,0.117,0.555,0.396,3.45,3.27,0,1,0,1
812,T009,0.133,0.452,0.551,3.40,3.29,0,1,0,1
813,T009,0.150,0.452,0.446,3.29,3.34,0,0,1,1
814,T009,0.167,0.554,0.433,3.31,3.31,0,1,0,1
815,T009,0.183,0.506,0.423,3.24,3.28,0,1,0,0
816,T009,0.200,0.451,0.492,3.38,3.14,0,0,1,1
817,T009,0.217,0.584,0.458,3.27,3.02,0,1,0,1
818,T009,0.233,0.502,0.410,3.01,3.40,0,1,0,1
819,T009,0.250,0.603,0.417,3.22,3.42,0,1,0,1
820,T009,0.267,0.548,0.501,3.28,2.85,0,1,0,1
821,T009,0.283,0.660,0.370,3.21,3.26,0,1,0,1
822,T009,0.300,0.403,0.509,3.33,3.21,0,1,0,1
823,T009,0.317,0.552,0.444,3.13,3.43,0,1,0,1
824,T009,0.333,0.657,0.348,3.51,3.11,0,1,0,1
825,T009,0.350,0.566,0.362,3.34,3.62,0,1,0,1
826,T009,0.367,0.513,0.552,3.39,3.19,0,1,0,1
827,T009,0.383,0.231,0.538,3.21,2.97,0,0,1,1
828,T009,0.400,0.469,0.625,3.18,3.31,0,1,0,1
829,T009,0.417,0.480,0.452,3.06,3.20,0,1,0,0
830,T009,0.433,0.538,0.512,3.65,3.26,0,1,0,1
831,T009,0.450,0.532,0.562,3.45,3.26,0,1,0,0
832,T009,0.467,0.419,0.338,2.96,3.13,0,1,0,1
833,T009,0.483,0.532,0.455,3.50,3.28,0,1,0,1
834,T009,0.500,0.534,0.411,2.92,3.28,0,1,0,1
835,T009,0.517,0.505,0.649,3.28,3.18,0,1,0,1
836,T009,0.533,0.489,0.522,3.23,3.36,0,1,0,1
837,T009,0.550,0.507,0.549,3.31,3.23,0,1,0,1
838,T009,0.567,0.526,0.435,3.29,3.28,0,1,0,1
839,T009,0.583,0.504,0.484,3.31,3.67,0,1,0,1
840,T009,0.600,0.471,0.505,3.28,3.43,0,1,0,0
841,T009,0.617,0.546,0.431,3.38,3.20,0,1,0,1
842,T009,0.633,0.370,0.479,3.53,3.30,0,1,0,1
843,T009,0.650,0.524,0.543,2.94,3.37,0,1,0,1
844,T009,0.667,0.534,0.557,3.43,3.28,0,1,0,1
845,T009,0.683,0.538,0.512,2.90,3.08,0,1,0,1
846,T009,0.700,0.381,0.523,3.50,3.24,0,1,0,1
847,T009,0.717,0.514,0.430,3.35,3.12,0,1,0,1
848,T009,0.733,0.490,0.465,3.51,3.10,0,1,0,1
849,T009,0.750,0.443,0.486,3.08,3.15,0,1,0,1
850,T009,0.767,0.584,0.552,3.15,3.36,0,0,1,1
851,T009,0.783,0.422,0.476,3.17,2.98,1,0,0,0
852,T009,0.800,0.684,0.345,2.96,3.42,0,1,0,1
853,T009,0.817,0.427,0.427,3.79,3.28,0,1,0,1
854,T009,0.833,0.495,0.429,3.37,3.35,1,0,0,0
855,T009,0.850,0.541,0.534,3.18,3.90,0,1,0,1
856,T009,0.867,0.532,0.670,3.34,3.68,0,1,0,1
857,T009,0.883,0.578,0.507,3.32,3.65,0,0,1,1
858,T010,0.000,0.622,0.538,3.32,3.42,0,1,0,1
859,T010,0.017,0.566,0.570,3.71,3.37,0,1,0,1
860,T010,0.033,0.586,0.417,3.16,3.31,0,0,1,1
861,T010,0.050,0.595,0.689,2.90,3.40,0,1,0,1
862,T010,0.067,0.500,0.490,3.53,3.45,0,1,0,1
863,T010,0.083,0.377,0.353,2.96,3.13,0,0,1,1
864,T010,0.100,0.660,0.531,3.08,3.73,1,0,0,0
865,T010,0.117,0.385,0.279,3.25,3.26,0,1,0,1
866,T010,0.133,0.435,0.534,3.61,3.05,0,1,0,1
867,T010,0.150,0.631,0.522,3.62,3.48,0,1,0,1
868,T010,0.167,0.440,0.545,3.50,3.52,0,1,0,1
869,T010,0.183,0.576,0.492,3.41,3.36,0,1,0,1
870,T010,0.200,0.575,0.748,3.01,3.09,0,1,0,1
871,T010,0.217,0.609,0.534,3.81,3.21,0,1,0,1
872,T010,0.233,0.467,0.583,3.12,3.28,0,1,0,1
873,T010,0.250,0.546,0.722,3.48,3.22,0,1,0,1
874,T010,0.267,0.435,0.487,3.24,3.26,0,1,0,1
875,T010,0.283,0.437,0.533,3.60,3.40,0,1,0,1
876,T010,0.300,0.547,0.412,3.15,3.25,0,1,0,1
877,T010,0.317,0.487,0.427,3.27,3.20,0,1,0,1
878,T010,0.333,0.571,0.406,3.13,3.16,0,0,1,1
879,T010,0.350,0.519,0.349,3.46,3.19,0,1,0,1
880,T010,0.367,0.455,0.549,3.31,3.30,0,1,0,1
881,T010,0.383,0.468,0.442,3.45,3.35,0,1,0,1
882,T010,0.400,0.507,0.495,3.40,3.13,0,0,1,1
883,T010,0.417,0.550,0.450,3.30,3.19,0,1,0,1
884,T010,0.433,0.443,0.511,3.28,3.19,0,1,0,1
885,T010,0.450,0.607,0.651,3.66,3.23,0,1,0,1
886,T010,0.467,0.466,0.502,3.35,3.17,0,0,1,1
887,T010,0.483,0.538,0.502,3.48,3.41,0,1,0,1
888,T010,0.500,0.407,0.491,3.30,3.17,0,1,0,1
889,T010,0.517,0.407,0.514,3.27,3.13,0,0,1,1
890,T010,0.533,0.576,0.620,3.02,3.40,0,1,0,1
891,T010,0.550,0.578,0.727,3.34,3.18,0,1,0,1
892,T010,0.567,0.545,0.489,3.47,3.70,0,1,0,1
893,T010,0.583,0.478,0.529,3.36,3.24,0,0,1,1
894,T010,0.600,0.457,0.463,3.19,3.30,0,1,0,1
895,T010,0.617,0.542,0.471,3.14,3.32,1,0,0,0
896,T010,0.633,0.534,0.617,3.73,3.11,0,1,0,1
897,T010,0.650,0.556,0.468,2.81,3.38,0,1,0,1
898,T010,0.667,0.492,0.511,3.48,3.56,0,1,0,1
899,T010,0.683,0.580,0.501,3.41,3.36,0,0,1,1
900,T010,0.700,0.442,0.567,3.45,3.31,0,1,0,1
901,T010,0.717,0.505,0.401,3.18,3.35,0,1,0,1
902,T010,0.733,0.285,0.546,3.51,3.24,0,1,0,1
903,T010,0.750,0.570,0.491,3.47,3.26,0,1,0,1
904,T010,0.767,0.549,0.499,3.25,3.28,0,0,1,1
905,T010,0.783,0.511,0.492,3.38,3.35,0,1,0,1
906,T010,0.800,0.461,0.531,3.31,3.34,0,1,0,1
907,T010,0.817,0.430,0.485,3.44,3.14,0,1,0,1
908,T010,0.833,0.542,0.500,3.40,3.61,0,1,0,1
909,T010,0.850,0.526,0.417,3.05,3.47,0,1,0,1
910,T011,0.000,0.636,0.526,3.27,3.04,0,1,0,1
911,T011,0.017,0.433,0.478,3.31,3.44,0,1,0,1
912,T011,0.033,0.456,0.443,3.71,3.21,0,1,0,1
913,T011,0.050,0.508,0.624,3.18,3.56,0,1,0,1
914,T011,0.067,0.443,0.398,3.70,3.29,0,1,0,1
915,T011,0.083,0.535,0.488,3.13,3.35,0,1,0,1
916,T011,0.100,0.515,0.482,3.10,3.34,0,1,0,1
917,T011,0.117,0.389,0.450,3.47,2.85,0,0,1,1
918,T011,0.133,0.678,0.463,3.56,3.03,0,1,0,1
919,T011,0.150,0.462,0.521,3.18,3.26,0,0,1,1
920,T011,0.167,0.458,0.656,3.45,3.39,0,1,0,1
921,T011,0.183,0.536,0.577,3.69,3.66,0,0,1,1
922,T011,0.200,0.448,0.402,3.37,3.34,0,1,0,1
923,T011,0.217,0.490,0.339,3.53,3.11,0,1,0,1
924,T011,0.233,0.421,0.433,3.41,3.49,0,1,0,1
925,T011,0.250,0.518,0.449,3.59,3.16,0,1,0,1
926,T011,0.267,0.458,0.482,3.24,3.20,0,1,0,1
927,T011,0.283,0.497,0.509,3.32,3.63,0,0,1,1
928,T011,0.300,0.350,0.394,3.52,3.29,0,1,0,1
929,T011,0.317,0.557,0.613,3.76,3.27,0,1,0,1
930,T011,0.333,0.420,0.687,3.30,3.35,0,1,0,1
931,T011,0.350,0.433,0.626,3.27,3.05,0,1,0,1
932,T011,0.367,0.616,0.462,3.24,3.27,0,1,0,1
933,T011,0.383,0.487,0.538,3.14,3.22,0,1,0,1
934,T011,0.400,0.578,0.490,3.19,3.09,0,1,0,1
935,T011,0.417,0.565,0.529,3.23,3.61,0,0,1,1
936,T011,0.433,0.409,0.582,3.28,3.57,0,1,0,1
937,T011,0.450,0.611,0.659,2.94,3.29,0,1,0,1
938,T011,0.467,0.514,0.490,3.18,3.34,0,1,0,1
939,T011,0.483,0.553,0.557,3.43,3.36,0,0,1,1
940,T011,0.500,0.592,0.563,3.28,3.38,0,0,1,1
941,T011,0.517,0.500,0.573,3.18,3.52,0,1,0,1
942,T011,0.533,0.541,0.494,3.25,3.38,0,0,1,1
943,T011,0.550,0.368,0.457,3.31,3.36,0,1,0,1
944,T011,0.567,0.441,0.487,3.25,3.28,0,1,0,0
945,T011,0.583,0.510,0.590,3.44,3.18,0,1,0,1
946,T011,0.600,0.556,0.597,3.29,3.00,0,1,0,1
947,T011,0.617,0.620,0.343,3.34,3.43,0,1,0,1
948,T011,0.633,0.481,0.482,3.38,3.11,0,1,0,1
949,T011,0.650,0.645,0.465,3.25,3.23,0,1,0,1
950,T011,0.667,0.387,0.487,3.14,2.98,0,1,0,1
951,T011,0.683,0.676,0.601,3.55,3.34,0,1,0,1
952,T011,0.700,0.558,0.531,3.11,3.43,0,1,0,1
953,T011,0.717,0.394,0.491,3.27,3.42,0,1,0,1
954,T011,0.733,0.407,0.401,3.21,2.94,0,1,0,1
955,T011,0.750,0.326,0.418,3.40,3.35,0,1,0,1
956,T011,0.767,0.580,0.565,3.23,3.68,0,1,0,1
957,T011,0.783,0.552,0.455,3.41,3.45,0,1,0,1
958,T011,0.800,0.538,0.618,3.42,3.25,0,1,0,1
959,T011,0.817,0.423,0.546,3.14,3.34,0,0,1,1
960,T011,0.833,0.457,0.401,3.43,3.21,0,1,0,1
961,T011,0.850,0.444,0.522,3.19,3.68,0,1,0,1
962,T011,0.867,0.417,0.427,3.43,3.52,0,0,1,1
963,T011,0.883,0.499,0.563,3.28,3.29,0,0,1,1
964,T011,0.900,0.619,0.563,3.44,3.61,0,1,0,1
965,T011,0.917,0.627,0.490,3.16,3.27,0,1,0,1
966,T011,0.933,0.512,0.638,3.72,3.45,0,0,1,1
967,T011,0.950,0.527,0.425,3.55,3.30,0,1,0,0
968,T011,0.967,0.461,0.522,3.49,3.12,0,1,0,1
969,T011,0.983,0.442,0.480,3.29,3.36,0,1,0,1
970,T011,1.000,0.447,0.480,3.50,3.41,0,0,1,1
971,T011,1.017,0.582,0.500,3.05,3.22,0,1,0,1
972,T011,1.033,0.567,0.400,3.47,3.27,0,1,0,1
973,T011,1.050,0.438,0.479,3.43,3.03,0,1,0,1
974,T011,1.067,0.473,0.528,3.27,3.14,0,1,0,1
975,T011,1.083,0.469,0.462,3.30,3.16,0,1,0,1
976,T011,1.100,0.446,0.550,3.32,3.32,0,0,1,1
977,T011,1.117,0.650,0.364,2.98,3.42,0,0,1,1
978,T011,1.133,0.446,0.505,3.35,2.99,0,1,0,1
979,T011,1.150,0.567,0.561,3.24,3.20,0,1,0,1
980,T012,0.000,0.467,0.635,3.47,3.51,0,1,0,1
981,T012,0.017,0.505,0.496,3.35,3.36,0,1,0,1
982,T012,0.033,0.621,0.542,3.46,3.40,0,1,0,1
983,T012,0.050,0.426,0.429,3.15,3.36,0,0,1,1
984,T012,0.067,0.563,0.598,3.21,3.52,1,0,0,0
985,T012,0.083,0.485,0.471,3.22,3.46,0,0,1,1
986,T012,0.100,0.545,0.402,3.31,3.41,0,1,0,1
987,T012,0.117,0.457,0.405,3.32,3.11,0,1,0,1
988,T012,0.133,0.449,0.485,3.22,3.42,0,1,0,1
989,T012,0.150,0.720,0.530,3.44,3.24,0,1,0,1
990,T012,0.167,0.588,0.477,3.27,3.43,0,1,0,1
991,T012,0.183,0.530,0.442,3.22,3.30,0,1,0,1
992,T012,0.200,0.547,0.434,3.16,3.22,0,0,1,1
993,T012,0.217,0.386,0.497,3.43,3.17,0,1,0,1
994,T012,0.233,0.553,0.489,3.34,3.12,0,1,0,1
995,T012,0.250,0.445,0.545,3.56,3.55,0,0,1,1
996,T012,0.267,0.442,0.391,3.18,2.92,0,1,0,1
997,T012,0.283,0.507,0.412,3.04,3.21,0,1,0,1
998,T012,0.300,0.487,0.471,3.10,3.09,0,1,0,1
999,T012,0.317,0.481,0.538,2.97,3.10,0,1,0,1
1000,T012,0.333,0.478,0.536,3.02,3.30,0,1,0,1
1001,T012,0.350,0.482,0.501,3.20,3.18,0,0,1,1
1002,T012,0.367,0.547,0.406,3.41,3.45,0,1,0,1
1003,T012,0.383,0.360,0.576,2.96,3.49,0,1,0,1
1004,T012,0.400,0.565,0.380,3.26,3.02,0,0,1,1
1005,T012,0.417,0.504,0.300,3.33,3.29,1,0,0,0
1006,T012,0.433,0.518,0.453,3.50,3.39,0,1,0,1
1007,T012,0.450,0.517,0.500,3.26,3.03,0,1,0,1
1008,T012,0.467,0.478,0.346,3.64,3.36,0,1,0,1
1009,T012,0.483,0.554,0.463,3.35,3.34,0,1,0,1
1010,T012,0.500,0.525,0.670,3.49,3.30,0,1,0,1
1011,T012,0.517,0.587,0.611,3.32,3.14,0,1,0,1
1012,T012,0.533,0.616,0.428,3.62,3.52,0,0,1,1
1013,T012,0.550,0.582,0.573,3.37,3.39,0,0,1,1
1014,T012,0.567,0.368,0.580,3.38,3.53,0,1,0,1
1015,T012,0.583,0.519,0.466,3.45,3.18,0,1,0,1
1016,T012,0.600,0.486,0.571,3.36,3.35,0,1,0,1
1017,T012,0.617,0.533,0.594,3.45,3.65,0,1,0,1
1018,T012,0.633,0.477,0.365,3.21,3.42,0,0,1,1
1019,T012,0.650,0.521,0.417,3.53,3.56,0,1,0,1
1020,T012,0.667,0.542,0.412,3.03,3.24,0,0,1,1
1021,T012,0.683,0.564,0.530,3.54,3.51,0,1,0,1
1022,T012,0.700,0.474,0.467,3.42,3.57,0,1,0,1
1023,T012,0.717,0.516,0.524,3.28,3.05,0,1,0,1
1024,T012,0.733,0.467,0.565,3.49,3.43,0,0,1,1
1025,T012,0.750,0.444,0.484,3.37,3.19,0,1,0,1
1026,T012,0.767,0.559,0.582,3.48,3.32,0,1,0,1
1027,T012,0.783,0.470,0.447,3.42,3.03,0,0,1,1
1028,T012,0.800,0.648,0.507,3.54,3.50,0,1,0,1
1029,T012,0.817,0.435,0.423,3.36,3.09,0,1,0,1
1030,T012,0.833,0.468,0.369,3.30,3.34,0,1,0,1
1031,T012,0.850,0.459,0.541,3.32,3.51,0,1,0,1
1032,T012,0.867,0.384,0.425,3.27,3.54,0,1,0,1
1033,T012,0.883,0.423,0.484,3.32,3.01,0,1,0,1
1034,T013,0.000,0.595,0.581,3.11,3.61,0,1,0,1
1035,T013,0.017,0.558,0.437,3.41,3.85,0,1,0,1
1036,T013,0.033,0.489,0.518,3.13,3.41,0,1,0,1
1037,T013,0.050,0.543,0.548,3.30,3.54,0,1,0,1
1038,T013,0.067,0.454,0.403,3.50,3.56,0,1,0,1
1039,T013,0.083,0.596,0.533,3.01,3.34,0,1,0,1
1040,T013,0.100,0.510,0.668,3.10,3.25,1,0,0,0
1041,T013,0.117,0.582,0.432,3.25,3.36,0,1,0,1
1042,T013,0.133,0.528,0.328,3.43,3.30,0,1,0,1
1043,T013,0.150,0.420,0.448,3.03,3.35,0,1,0,0
1044,T013,0.167,0.404,0.535,3.36,3.54,1,0,0,0
1045,T013,0.183,0.535,0.558,3.29,3.47,0,1,0,1
1046,T013,0.200,0.420,0.554,3.10,3.02,0,1,0,1
1047,T013,0.217,0.431,0.412,3.48,3.17,0,1,0,1
1048,T013,0.233,0.392,0.493,3.33,3.50,0,1,0,1
1049,T013,0.250,0.451,0.580,3.61,3.43,0,1,0,1
1050,T013,0.267,0.541,0.517,3.12,3.34,0,1,0,1
1051,T013,0.283,0.525,0.413,3.50,3.17,0,1,0,1
1052,T013,0.300,0.464,0.552,3.18,3.51,0,1,0,1
1053,T013,0.317,0.474,0.523,3.69,3.28,0,1,0,1
1054,T013,0.333,0.406,0.450,3.05,3.43,0,1,0,1
1055,T013,0.350,0.437,0.408,3.57,3.34,0,1,0,1
1056,T013,0.367,0.478,0.529,3.32,3.33,0,1,0,1
1057,T013,0.383,0.462,0.553,3.37,3.70,0,0,1,1
1058,T013,0.400,0.626,0.545,3.47,3.01,0,1,0,1
1059,T013,0.417,0.509,0.377,3.11,3.21,0,1,0,1
1060,T013,0.433,0.523,0.598,3.46,3.21,0,1,0,1
1061,T013,0.450,0.431,0.643,3.51,3.32,0,1,0,1
1062,T013,0.467,0.343,0.634,3.37,3.69,0,1,0,1
1063,T013,0.483,0.582,0.445,3.49,3.35,0,1,0,1
1064,T013,0.500,0.355,0.433,3.29,3.78,0,0,1,1
1065,T013,0.517,0.624,0.571,3.27,3.65,0,1,0,1
1066,T013,0.533,0.578,0.635,3.28,3.33,0,0,1,1
1067,T013,0.550,0.294,0.335,3.39,3.23,0,0,1,1
1068,T013,0.567,0.412,0.526,3.07,3.08,0,0,1,1
1069,T013,0.583,0.544,0.412,3.55,3.11,0,0,1,1
1070,T013,0.600,0.545,0.434,3.17,3.23,0,1,0,1
1071,T013,0.617,0.415,0.467,3.11,3.27,0,1,0,1
1072,T013,0.633,0.353,0.474,3.26,3.28,0,1,0,1
1073,T013,0.650,0.654,0.619,3.42,3.06,0,1,0,1
1074,T013,0.667,0.440,0.668,3.12,3.23,0,1,0,1
1075,T013,0.683,0.557,0.502,3.26,3.20,0,1,0,1
1076,T013,0.700,0.453,0.459,3.51,3.28,0,1,0,1
1077,T013,0.717,0.524,0.431,2.99,3.42,0,1,0,0
1078,T013,0.733,0.504,0.403,3.22,3.26,0,1,0,1
1079,T013,0.750,0.615,0.443,3.11,3.50,0,1,0,1
1080,T013,0.767,0.453,0.552,3.45,3.80,0,0,1,1
1081,T013,0.783,0.425,0.454,3.48,3.25,0,1,0,1
1082,T013,0.800,0.480,0.517,3.46,3.37,0,1,0,1
1083,T013,0.817,0.546,0.541,3.45,3.19,0,1,0,1
1084,T013,0.833,0.426,0.458,3.64,3.32,0,1,0,1
1085,T013,0.850,0.547,0.427,3.09,3.14,0,1,0,1
1086,T013,0.867,0.503,0.535,3.36,3.18,0,1,0,1
1087,T013,0.883,0.514,0.320,3.36,3.07,0,0,1,1
1088,T013,0.900,0.486,0.439,2.91,3.19,0,1,0,1
1089,T013,0.917,0.459,0.446,3.32,3.30,0,1,0,1
1090,T013,0.933,0.534,0.445,3.64,3.36,0,0,1,1
1091,T013,0.950,0.422,0.487,3.41,3.26,0,1,0,1
1092,T013,0.967,0.496,0.476,3.09,3.41,0,1,0,1
1093,T013,0.983,0.512,0.510,3.29,3.57,0,1,0,1
1094,T013,1.000,0.615,0.506,3.03,3.35,0,1,0,1
1095,T013,1.017,0.502,0.588,3.03,3.20,0,1,0,1
1096,T013,1.033,0.466,0.560,3.08,2.96,0,1,0,0
1097,T013,1.050,0.507,0.550,3.20,3.28,0,0,1,1
1098,T013,1.067,0.503,0.464,3.16,3.18,0,1,0,1
1099,T014,0.000,0.474,0.529,3.28,3.52,0,1,0,1
1100,T014,0.017,0.390,0.543,3.41,3.34,0,1,0,1
1101,T014,0.033,0.533,0.366,3.31,3.10,0,1,0,1
1102,T014,0.050,0.460,0.507,3.37,3.31,0,1,0,1
1103,T014,0.067,0.622,0.596,3.33,3.51,0,0,1,1
1104,T014,0.083,0.503,0.622,3.29,3.28,0,1,0,1
1105,T014,0.100,0.467,0.385,2.99,3.19,0,0,1,1
1106,T014,0.117,0.546,0.536,3.30,3.66,1,0,0,0
1107,T014,0.133,0.645,0.491,2.99,3.20,0,0,1,1
1108,T014,0.150,0.496,0.643,3.28,3.22,0,1,0,1
1109,T014,0.167,0.452,0.458,3.72,3.58,0,1,0,1
1110,T014,0.183,0.438,0.597,3.22,3.79,0,1,0,1
1111,T014,0.200,0.691,0.568,3.60,3.20,0,1,0,1
1112,T014,0.217,0.418,0.317,3.47,3.42,0,1,0,1
1113,T014,0.233,0.449,0.447,3.08,3.49,0,1,0,1
1114,T014,0.250,0.454,0.504,3.51,3.52,0,0,1,1
1115,T014,0.267,0.607,0.616,3.23,3.50,0,1,0,1
1116,T014,0.283,0.498,0.332,3.49,3.30,0,1,0,1
1117,T014,0.300,0.522,0.445,3.05,3.17,0,1,0,1
1118,T014,0.317,0.601,0.452,3.48,3.09,0,1,0,1
1119,T014,0.333,0.565,0.446,3.53,3.28,0,1,0,1
1120,T014,0.350,0.468,0.504,3.22,3.29,0,1,0,1
1121,T014,0.367,0.573,0.496,3.18,3.74,0,0,1,1
1122,T014,0.383,0.472,0.477,3.43,3.40,1,0,0,0
1123,T014,0.400,0.532,0.457,3.16,3.28,0,0,1,1
1124,T014,0.417,0.508,0.416,3.09,3.58,0,1,0,1
1125,T014,0.433,0.494,0.513,3.43,3.18,0,1,0,1
1126,T014,0.450,0.609,0.495,3.33,3.52,0,1,0,1
1127,T014,0.467,0.469,0.556,3.39,3.38,0,0,1,0
1128,T014,0.483,0.369,0.347,3.49,3.12,0,0,1,1
1129,T014,0.500,0.476,0.368,3.31,3.53,0,1,0,1
1130,T014,0.517,0.319,0.567,3.32,3.30,0,1,0,1
1131,T014,0.533,0.454,0.564,3.58,3.42,0,0,1,1
1132,T014,0.550,0.437,0.381,3.16,3.33,0,1,0,1
1133,T014,0.567,0.492,0.545,3.26,3.25,0,1,0,1
1134,T014,0.583,0.594,0.622,3.54,3.00,0,1,0,1
1135,T014,0.600,0.420,0.474,3.19,3.22,0,0,1,1
1136,T014,0.617,0.324,0.553,3.21,3.41,0,1,0,1
1137,T014,0.633,0.501,0.502,3.39,3.44,0,1,0,1
1138,T014,0.650,0.357,0.406,3.18,3.33,0,1,0,1
1139,T014,0.667,0.504,0.593,3.51,3.06,0,1,0,1
1140,T014,0.683,0.635,0.352,3.35,3.18,0,1,0,1
1141,T014,0.700,0.480,0.483,3.31,3.30,0,0,1,1
1142,T014,0.717,0.453,0.642,3.28,3.12,0,1,0,1
1143,T014,0.733,0.585,0.511,3.62,3.56,0,1,0,1
1144,T014,0.750,0.434,0.485,3.41,3.30,0,1,0,1
1145,T014,0.767,0.281,0.332,3.33,3.61,0,1,0,1
1146,T014,0.783,0.483,0.514,3.19,3.05,0,1,0,1
1147,T014,0.800,0.511,0.412,3.15,3.33,0,1,0,1
1148,T014,0.817,0.602,0.473,3.53,3.27,0,1,0,1
1149,T014,0.833,0.676,0.500,3.14,3.29,0,1,0,1
1150,T014,0.850,0.548,0.318,3.05,3.11,0,1,0,1
1151,T014,0.867,0.562,0.484,3.31,3.21,0,0,1,1
1152,T014,0.883,0.646,0.472,3.39,3.29,0,0,1,1
1153,T014,0.900,0.406,0.533,3.64,3.63,0,1,0,1
1154,T014,0.917,0.631,0.439,3.14,3.19,0,1,0,1
1155,T014,0.933,0.521,0.611,3.56,3.34,0,1,0,1
1156,T014,0.950,0.607,0.470,3.42,2.95,0,1,0,1
1157,T014,0.967,0.570,0.509,3.22,3.62,0,0,1,1
1158,T014,0.983,0.496,0.505,3.47,3.23,0,0,1,1
1159,T014,1.000,0.567,0.547,3.54,3.29,0,0,1,1
1160,T014,1.017,0.607,0.530,3.22,3.00,0,1,0,1
1161,T014,1.033,0.294,0.541,3.20,3.34,0,0,1,1
1162,T014,1.050,0.658,0.642,3.43,3.27,0,1,0,0
1163,T014,1.067,0.614,0.498,3.11,3.29,0,0,1,1
1164,T014,1.083,0.533,0.491,3.42,3.49,0,1,0,0
1165,T014,1.100,0.421,0.434,3.56,3.31,0,1,0,1
1166,T014,1.117,0.386,0.536,3.45,3.61,0,1,0,1
1167,T014,1.133,0.517,0.545,3.49,3.35,0,1,0,1
1168,T014,1.150,0.532,0.422,3.08,3.20,0,1,0,1
1169,T014,1.167,0.537,0.449,3.07,3.47,0,1,0,1
1170,T014,1.183,0.510,0.516,3.38,3.43,0,1,0,1
1171,T014,1.200,0.606,0.562,3.10,3.65,0,1,0,1
1172,T014,1.217,0.555,0.348,3.72,3.14,0,0,1,1
1173,T014,1.233,0.522,0.445,3.23,3.10,0,1,0,1
1174,T014,1.250,0.361,0.473,3.66,3.49,0,1,0,1
1175,T014,1.267,0.434,0.424,3.39,3.49,0,0,1,1
1176,T014,1.283,0.467,0.476,2.90,3.27,0,0,1,1
1177,T014,1.300,0.454,0.449,3.24,3.28,0,0,1,1
1178,T014,1.317,0.429,0.681,3.30,3.21,0,0,1,1
1179,T014,1.333,0.588,0.494,3.28,3.09,0,1,0,1
1180,T014,1.350,0.442,0.452,3.51,3.35,0,1,0,1
1181,T014,1.367,0.607,0.688,3.07,3.50,0,0,1,1
1182,T014,1.383,0.556,0.592,3.15,3.19,0,1,0,1
1183,T014,1.400,0.585,0.602,3.17,3.04,0,0,1,1
1184,T014,1.417,0.416,0.602,3.48,3.24,0,0,1,0
1185,T014,1.433,0.527,0.396,3.26,3.32,0,1,0,1
1186,T014,1.450,0.356,0.474,3.27,3.32,0,1,0,1
1187,T014,1.467,0.530,0.616,3.56,3.36,0,1,0,1
1188,T014,1.483,0.514,0.491,3.34,3.46,0,1,0,1
1189,T014,1.500,0.427,0.475,3.46,3.46,0,0,1,1
1190,T014,1.517,0.257,0.433,3.16,3.43,0,1,0,1
1191,T014,1.533,0.303,0.431,3.41,3.40,0,0,1,1
1192,T014,1.550,0.404,0.519,3.05,3.42,0,1,0,1
1193,T014,1.567,0.556,0.310,3.42,3.51,0,0,1,1
1194,T014,1.583,0.547,0.642,3.09,3.35,0,1,0,1
1195,T015,0.000,0.367,0.478,3.30,3.23,0,1,0,1
1196,T015,0.017,0.481,0.534,3.07,3.61,0,0,1,1
1197,T015,0.033,0.410,0.348,3.32,3.20,0,1,0,1
1198,T015,0.050,0.553,0.572,3.14,3.25,0,1,0,1
1199,T015,0.067,0.333,0.409,3.37,3.32,0,0,1,1
1200,T015,0.083,0.487,0.486,3.06,3.33,0,1,0,1
1201,T015,0.100,0.465,0.505,3.33,3.10,0,1,0,1
1202,T015,0.117,0.518,0.538,3.29,3.39,0,1,0,1
1203,T015,0.133,0.418,0.457,3.25,3.21,0,1,0,1
1204,T015,0.150,0.586,0.475,3.35,3.54,1,0,0,0
1205,T015,0.167,0.404,0.614,3.50,3.34,0,1,0,1
1206,T015,0.183,0.525,0.507,3.30,3.06,1,0,0,0
1207,T015,0.200,0.462,0.592,3.22,3.08,0,1,0,1
1208,T015,0.217,0.437,0.654,3.44,3.31,0,0,1,1
1209,T015,0.233,0.503,0.553,3.35,3.43,0,1,0,1
1210,T015,0.250,0.445,0.387,3.14,3.17,0,1,0,1
1211,T015,0.267,0.442,0.497,2.97,3.32,0,1,0,1
1212,T015,0.283,0.627,0.586,3.31,3.24,0,1,0,1
1213,T015,0.300,0.421,0.460,3.58,3.46,0,0,1,1
1214,T015,0.317,0.356,0.506,3.08,3.48,0,1,0,1
1215,T015,0.333,0.367,0.519,3.32,3.52,0,1,0,1
1216,T015,0.350,0.641,0.452,3.67,3.30,0,1,0,1
1217,T015,0.367,0.636,0.608,3.58,3.43,0,1,0,0
1218,T015,0.383,0.419,0.552,3.44,2.93,0,1,0,1
1219,T015,0.400,0.417,0.521,3.54,3.43,0,0,1,1
1220,T015,0.417,0.494,0.339,3.20,3.22,0,1,0,1
1221,T015,0.433,0.543,0.435,3.31,3.27,0,0,1,1
1222,T015,0.450,0.469,0.561,3.15,3.27,0,1,0,1
1223,T015,0.467,0.457,0.616,3.21,3.47,0,1,0,1
1224,T015,0.483,0.584,0.508,3.30,3.27,0,0,1,1
1225,T015,0.500,0.435,0.443,3.28,3.33,0,0,1,1
1226,T015,0.517,0.472,0.600,3.28,3.28,0,1,0,1
1227,T015,0.533,0.449,0.563,3.28,3.49,0,1,0,1
1228,T015,0.550,0.482,0.553,3.22,3.20,0,0,1,1
1229,T015,0.567,0.470,0.431,3.33,3.59,0,0,1,1
1230,T015,0.583,0.478,0.419,3.17,3.45,0,0,1,1
1231,T015,0.600,0.511,0.581,3.13,2.91,0,1,0,1
1232,T015,0.617,0.396,0.633,3.50,3.24,0,1,0,1
1233,T015,0.633,0.400,0.463,3.44,3.20,0,1,0,1
1234,T015,0.650,0.534,0.540,3.34,3.26,0,1,0,1
1235,T015,0.667,0.460,0.450,3.50,3.26,0,0,1,1
1236,T015,0.683,0.592,0.496,3.36,3.24,0,1,0,1
1237,T015,0.700,0.501,0.562,3.75,3.52,0,0,1,1
1238,T015,0.717,0.485,0.475,3.31,3.35,0,0,1,0
1239,T015,0.733,0.544,0.428,3.33,3.37,0,1,0,1
1240,T015,0.750,0.551,0.476,3.37,3.24,0,1,0,1
1241,T015,0.767,0.585,0.459,3.53,3.36,0,1,0,1
1242,T015,0.783,0.622,0.521,3.39,3.34,0,0,1,1
1243,T015,0.800,0.517,0.377,2.96,3.38,0,1,0,1
1244,T015,0.817,0.445,0.511,3.21,3.35,0,1,0,1
1245,T015,0.833,0.502,0.589,3.74,3.24,0,1,0,1
1246,T015,0.850,0.646,0.516,3.38,3.34,0,0,1,1
1247,T015,0.867,0.506,0.421,3.26,3.45,0,1,0,1
1248,T015,0.883,0.436,0.507,3.10,3.35,0,0,1,1
1249,T015,0.900,0.377,0.450,3.42,3.59,0,1,0,1
1250,T016,0.000,0.549,0.431,3.18,3.16,0,0,1,1
1251,T016,0.017,0.519,0.505,3.38,3.25,0,0,1,1
1252,T016,0.033,0.427,0.426,3.13,3.40,0,0,1,1
1253,T016,0.050,0.478,0.611,3.18,3.28,0,1,0,1
1254,T016,0.067,0.389,0.350,3.42,3.52,0,0,1,1
1255,T016,0.083,0.505,0.431,3.29,3.16,0,1,0,1
1256,T016,0.100,0.654,0.557,2.90,3.19,0,1,0,1
1257,T016,0.117,0.558,0.515,3.23,3.23,0,1,0,1
1258,T016,0.133,0.396,0.419,3.06,3.64,0,0,1,1
1259,T016,0.150,0.632,0.487,2.97,3.27,0,1,0,1
1260,T016,0.167,0.552,0.425,3.45,3.49,0,1,0,1
1261,T016,0.183,0.471,0.415,3.22,3.45,0,1,0,1
1262,T016,0.200,0.586,0.510,3.07,3.31,0,0,1,1
1263,T016,0.217,0.469,0.466,3.36,3.27,0,1,0,1
1264,T016,0.233,0.364,0.428,3.41,3.32,0,0,1,1
1265,T016,0.250,0.483,0.537,3.60,3.18,0,1,0,1
1266,T016,0.267,0.616,0.419,2.84,3.15,0,1,0,1
1267,T016,0.283,0.617,0.609,3.22,3.21,0,0,1,1
1268,T016,0.300,0.533,0.448,3.30,3.07,0,1,0,1
1269,T016,0.317,0.486,0.555,3.46,3.10,0,1,0,1
1270,T016,0.333,0.428,0.617,3.10,3.06,0,1,0,1
1271,T016,0.350,0.691,0.487,3.63,3.42,0,1,0,0
1272,T016,0.367,0.488,0.478,3.31,3.40,0,0,1,1
1273,T016,0.383,0.644,0.542,3.03,3.54,0,1,0,1
1274,T016,0.400,0.586,0.479,3.01,3.06,0,1,0,1
1275,T016,0.417,0.515,0.529,3.59,3.21,0,1,0,1
1276,T016,0.433,0.402,0.509,3.11,3.27,0,1,0,1
1277,T016,0.450,0.594,0.496,3.28,3.41,0,0,1,1
1278,T016,0.467,0.507,0.402,3.55,3.26,0,1,0,1
1279,T016,0.483,0.481,0.612,3.60,3.40,0,1,0,1
1280,T016,0.500,0.524,0.621,3.62,3.39,0,0,1,1
1281,T016,0.517,0.454,0.427,3.14,3.24,0,0,1,1
1282,T016,0.533,0.564,0.630,3.31,3.42,1,0,0,0
1283,T016,0.550,0.512,0.369,3.37,3.55,0,1,0,1
1284,T016,0.567,0.509,0.471,3.25,3.35,0,0,1,1
1285,T016,0.583,0.553,0.538,3.21,3.05,0,1,0,1
1286,T016,0.600,0.466,0.566,3.56,3.42,0,1,0,1
1287,T016,0.617,0.599,0.398,3.40,3.41,0,1,0,1
1288,T016,0.633,0.438,0.358,3.04,3.09,0,0,1,1
1289,T016,0.650,0.650,0.515,3.23,3.42,0,1,0,1
1290,T016,0.667,0.568,0.475,3.22,3.23,0,0,1,1
1291,T016,0.683,0.500,0.574,3.35,3.30,0,1,0,1
1292,T016,0.700,0.554,0.499,3.31,3.38,0,0,1,1
1293,T016,0.717,0.415,0.510,3.51,3.17,0,1,0,1
1294,T016,0.733,0.542,0.660,3.22,3.39,0,1,0,1
1295,T016,0.750,0.586,0.457,3.47,3.37,0,1,0,1
1296,T016,0.767,0.480,0.589,3.08,3.27,0,1,0,1
1297,T016,0.783,0.492,0.464,3.08,3.57,0,1,0,1
1298,T016,0.800,0.321,0.606,3.34,3.30,0,1,0,1
1299,T016,0.817,0.420,0.539,3.16,3.49,0,1,0,1
1300,T016,0.833,0.351,0.389,3.43,3.24,0,1,0,1
1301,T016,0.850,0.517,0.478,3.24,3.58,0,1,0,1
1302,T016,0.867,0.610,0.378,2.97,3.57,0,1,0,1
1303,T016,0.883,0.525,0.513,3.25,3.40,0,1,0,1
1304,T016,0.900,0.529,0.532,2.81,3.25,0,0,1,1
1305,T016,0.917,0.405,0.469,3.41,3.13,0,1,0,1
1306,T016,0.933,0.427,0.512,3.43,3.42,0,1,0,1
1307,T016,0.950,0.440,0.482,3.25,3.28,0,0,1,1
1308,T016,0.967,0.393,0.429,3.39,3.20,0,1,0,1
1309,T016,0.983,0.512,0.514,3.02,3.49,0,0,1,1
1310,T016,1.000,0.468,0.576,3.70,3.35,0,0,1,1
1311,T016,1.017,0.564,0.485,3.53,3.16,0,1,0,1
1312,T016,1.033,0.531,0.431,3.19,3.26,0,0,1,1
1313,T016,1.050,0.438,0.469,3.25,3.63,0,0,1,1
1314,T016,1.067,0.436,0.425,3.31,2.94,0,1,0,1
1315,T016,1.083,0.343,0.550,3.27,3.48,0,1,0,1
1316,T016,1.100,0.508,0.472,2.91,3.85,0,1,0,1
1317,T016,1.117,0.391,0.526,3.20,3.18,0,0,1,1
1318,T016,1.133,0.583,0.426,3.25,3.14,1,0,0,0
1319,T016,1.150,0.508,0.463,3.31,3.29,0,1,0,1
1320,T016,1.167,0.423,0.576,3.37,3.72,0,0,1,1
1321,T016,1.183,0.611,0.444,3.29,3.34,0,1,0,1
1322,T016,1.200,0.516,0.590,3.12,3.24,0,1,0,1
1323,T016,1.217,0.559,0.518,3.54,3.65,0,1,0,1
1324,T016,1.233,0.426,0.493,3.51,3.39,0,1,0,1
1325,T016,1.250,0.475,0.520,3.49,3.30,0,1,0,1
1326,T016,1.267,0.542,0.519,3.45,3.15,0,1,0,1
1327,T016,1.283,0.588,0.541,3.63,3.41,0,1,0,1
1328,T016,1.300,0.502,0.424,3.58,3.41,0,1,0,1
1329,T016,1.317,0.609,0.517,3.30,3.56,0,0,1,1
1330,T016,1.333,0.388,0.517,3.19,3.48,0,1,0,1
1331,T016,1.350,0.486,0.404,3.36,3.76,0,1,0,1
1332,T016,1.367,0.477,0.490,3.15,3.48,0,1,0,1
1333,T016,1.383,0.517,0.551,3.46,3.19,0,1,0,1
1334,T016,1.400,0.497,0.546,3.35,3.31,0,0,1,1
1335,T016,1.417,0.559,0.418,3.47,3.16,0,1,0,1
1336,T016,1.433,0.418,0.545,3.29,3.40,0,0,1,1
1337,T016,1.450,0.508,0.379,3.56,3.44,0,1,0,1
1338,T016,1.467,0.567,0.515,3.36,3.06,0,0,1,1
1339,T016,1.483,0.486,0.471,3.32,3.18,0,0,1,1
1340,T016,1.500,0.582,0.500,3.11,3.47,0,1,0,1
1341,T016,1.517,0.420,0.553,3.19,3.42,0,1,0,1
1342,T016,1.533,0.657,0.426,3.29,3.42,0,1,0,1
1343,T016,1.550,0.605,0.465,3.41,3.47,0,1,0,1
1344,T016,1.567,0.636,0.556,3.28,3.26,0,1,0,1
1345,T016,1.583,0.376,0.449,3.44,3.12,1,0,0,0
1346,T016,1.600,0.617,0.455,3.22,3.33,0,1,0,1
1347,T016,1.617,0.569,0.526,3.30,3.56,0,1,0,1
1348,T016,1.633,0.456,0.473,3.23,3.39,0,1,0,1
1349,T016,1.650,0.382,0.442,3.17,3.16,0,1,0,1
1350,T016,1.667,0.487,0.398,3.30,3.32,0,1,0,0
1351,T016,1.683,0.488,0.549,3.23,3.25,0,1,0,1
1352,T016,1.700,0.494,0.431,3.42,3.11,0,1,0,1
1353,T016,1.717,0.409,0.476,3.51,3.36,0,1,0,1
1354,T016,1.733,0.354,0.577,3.34,3.40,0,1,0,1
1355,T016,1.750,0.373,0.437,3.29,3.42,0,1,0,1
1356,T016,1.767,0.413,0.420,3.57,3.30,0,0,1,0
1357,T016,1.783,0.616,0.407,3.43,3.18,0,1,0,1
1358,T016,1.800,0.371,0.480,3.00,3.21,0,0,1,1
1359,T016,1.817,0.432,0.564,3.20,3.45,1,0,0,0
1360,T016,1.833,0.500,0.438,3.09,3.17,0,1,0,1
1361,T016,1.850,0.546,0.510,3.43,3.64,0,1,0,1
1362,T016,1.867,0.513,0.543,3.37,3.55,0,1,0,1
1363,T016,1.883,0.428,0.519,3.22,3.28,0,0,1,1
1364,T016,1.900,0.525,0.566,3.40,3.58,0,1,0,1
1365,T016,1.917,0.428,0.581,3.24,3.41,0,1,0,1
1366,T016,1.933,0.379,0.447,3.13,3.32,0,0,1,1
1367,T016,1.950,0.621,0.505,3.33,3.33,0,1,0,1
1368,T016,1.967,0.579,0.433,3.09,3.21,0,1,0,1
1369,T016,1.983,0.478,0.453,3.63,3.62,0,1,0,1
1370,T016,2.000,0.471,0.564,3.42,3.33,0,1,0,1
1371,T016,2.017,0.501,0.578,3.71,3.40,0,1,0,0
1372,T016,2.033,0.372,0.440,3.14,3.37,0,1,0,1
1373,T016,2.050,0.504,0.511,2.99,3.40,0,1,0,1
1374,T016,2.067,0.597,0.521,3.57,3.55,1,0,0,0
1375,T016,2.083,0.523,0.591,3.28,3.42,0,1,0,1
1376,T016,2.100,0.447,0.722,3.03,3.16,0,1,0,1
1377,T016,2.117,0.503,0.607,3.11,3.08,0,1,0,1
1378,T016,2.133,0.540,0.505,3.25,3.30,0,1,0,1
1379,T016,2.150,0.514,0.480,3.40,3.52,0,1,0,1
1380,T016,2.167,0.538,0.297,3.47,3.33,0,1,0,1
1381,T016,2.183,0.583,0.559,3.64,3.28,0,1,0,1
1382,T016,2.200,0.511,0.488,3.38,3.41,0,0,1,1
1383,T016,2.217,0.467,0.424,3.09,3.60,0,1,0,1
1384,T016,2.233,0.336,0.649,3.29,3.64,0,1,0,1
1385,T016,2.250,0.417,0.512,3.38,3.69,0,0,1,1
1386,T017,0.000,0.541,0.255,3.29,2.89,0,1,0,1
1387,T017,0.017,0.527,0.427,3.27,3.30,0,1,0,1
1388,T017,0.033,0.505,0.394,3.41,3.33,0,1,0,1
1389,T017,0.050,0.596,0.598,3.39,3.15,0,1,0,1
1390,T017,0.067,0.398,0.452,3.24,3.33,0,1,0,1
1391,T017,0.083,0.548,0.508,3.44,3.20,0,1,0,1
1392,T017,0.100,0.280,0.480,3.35,3.21,0,1,0,1
1393,T017,0.117,0.521,0.402,3.24,3.40,0,1,0,1
1394,T017,0.133,0.470,0.400,3.31,3.63,0,1,0,1
1395,T017,0.150,0.465,0.444,3.16,3.57,0,0,1,1
1396,T017,0.167,0.578,0.622,3.44,3.47,0,1,0,1
1397,T017,0.183,0.727,0.350,3.02,3.35,0,1,0,1
1398,T017,0.200,0.441,0.642,3.34,3.20,0,1,0,1
1399,T017,0.217,0.579,0.514,3.27,3.33,0,0,1,1
1400,T017,0.233,0.432,0.505,3.37,3.25,0,1,0,1
1401,T017,0.250,0.570,0.437,3.15,3.35,0,1,0,1
1402,T017,0.267,0.559,0.454,3.39,3.35,0,1,0,1
1403,T017,0.283,0.556,0.497,3.19,3.40,0,1,0,0
1404,T017,0.300,0.475,0.430,3.41,3.01,0,0,1,1
1405,T017,0.317,0.392,0.545,2.99,3.26,0,0,1,1
1406,T017,0.333,0.446,0.523,3.19,3.41,0,1,0,1
1407,T017,0.350,0.485,0.516,3.52,3.45,0,0,1,1
1408,T017,0.367,0.491,0.511,3.27,3.17,1,0,0,0
1409,T017,0.383,0.507,0.481,3.30,3.31,0,0,1,1
1410,T017,0.400,0.646,0.691,3.14,3.50,0,1,0,1
1411,T017,0.417,0.432,0.570,3.27,3.38,0,1,0,1
1412,T017,0.433,0.497,0.446,3.40,3.43,0,0,1,1
1413,T017,0.450,0.411,0.431,3.26,3.16,0,0,1,1
1414,T017,0.467,0.386,0.537,3.16,3.10,0,1,0,1
1415,T017,0.483,0.564,0.448,3.14,3.28,0,1,0,1
1416,T017,0.500,0.477,0.533,3.21,3.13,0,0,1,1
1417,T017,0.517,0.638,0.429,3.09,3.69,0,1,0,1
1418,T017,0.533,0.455,0.483,3.33,3.51,0,1,0,1
1419,T017,0.550,0.426,0.351,3.11,3.16,0,1,0,1
1420,T017,0.567,0.641,0.434,3.56,3.21,0,1,0,1
1421,T017,0.583,0.479,0.268,3.51,3.32,0,1,0,1
1422,T017,0.600,0.584,0.369,3.38,3.45,0,1,0,1
1423,T017,0.617,0.407,0.576,3.01,3.06,0,1,0,1
1424,T017,0.633,0.521,0.575,3.26,3.19,0,1,0,1
1425,T017,0.650,0.540,0.541,3.16,3.58,0,1,0,1
1426,T017,0.667,0.488,0.536,3.40,3.36,0,0,1,1
1427,T017,0.683,0.524,0.537,3.71,3.31,0,1,0,1
1428,T017,0.700,0.621,0.499,3.09,3.38,0,1,0,1
1429,T017,0.717,0.461,0.473,3.01,3.56,0,1,0,1
1430,T017,0.733,0.506,0.635,3.19,3.31,0,1,0,1
1431,T017,0.750,0.656,0.413,3.30,3.53,1,0,0,0
1432,T017,0.767,0.605,0.589,3.25,3.17,0,0,1,1
1433,T017,0.783,0.582,0.496,3.56,3.61,0,1,0,1
1434,T017,0.800,0.420,0.539,3.27,3.35,0,1,0,1
1435,T017,0.817,0.406,0.540,3.39,3.36,0,1,0,1
1436,T017,0.833,0.477,0.516,3.24,3.45,0,0,1,1
1437,T017,0.850,0.514,0.474,3.48,3.06,0,1,0,1
1438,T017,0.867,0.542,0.374,3.38,3.08,0,1,0,1
1439,T017,0.883,0.434,0.439,3.48,3.18,0,1,0,1
1440,T017,0.900,0.511,0.439,3.34,3.35,0,1,0,1
1441,T017,0.917,0.410,0.489,3.13,3.37,0,0,1,1
1442,T017,0.933,0.427,0.493,3.20,3.27,0,1,0,1
1443,T017,0.950,0.428,0.529,3.12,3.59,0,1,0,0
1444,T017,0.967,0.662,0.493,3.13,2.97,0,1,0,0
1445,T017,0.983,0.384,0.430,3.23,3.14,0,1,0,1
1446,T017,1.000,0.426,0.465,3.29,3.13,0,1,0,1
1447,T017,1.017,0.613,0.431,3.33,3.50,0,1,0,1
1448,T017,1.033,0.564,0.478,3.26,3.16,0,1,0,1
1449,T017,1.050,0.471,0.556,3.09,3.23,0,1,0,1
1450,T017,1.067,0.538,0.663,3.06,3.46,0,1,0,1
1451,T017,1.083,0.542,0.457,3.29,3.13,0,1,0,1
1452,T017,1.100,0.540,0.450,3.62,3.01,0,1,0,1
1453,T017,1.117,0.490,0.309,3.80,3.18,0,1,0,1
1454,T017,1.133,0.367,0.513,3.15,3.11,0,1,0,1
1455,T017,1.150,0.519,0.381,3.17,2.99,0,1,0,1
1456,T017,1.167,0.612,0.410,3.37,3.32,0,1,0,1
1457,T017,1.183,0.513,0.506,3.26,3.25,0,0,1,1
1458,T017,1.200,0.551,0.500,3.47,3.56,0,1,0,1
1459,T017,1.217,0.494,0.487,3.40,3.53,0,1,0,1
1460,T017,1.233,0.620,0.439,3.44,3.53,0,1,0,1
1461,T017,1.250,0.550,0.532,3.18,3.50,0,1,0,1
1462,T017,1.267,0.402,0.333,3.36,3.35,0,1,0,1
1463,T017,1.283,0.381,0.604,3.56,3.26,0,1,0,1
1464,T017,1.300,0.507,0.488,2.85,3.49,0,1,0,1
1465,T017,1.317,0.561,0.486,3.55,3.40,0,1,0,1
1466,T017,1.333,0.536,0.505,3.30,3.07,0,1,0,1
1467,T017,1.350,0.510,0.460,3.34,3.39,0,1,0,1
1468,T017,1.367,0.354,0.590,3.31,3.44,0,1,0,1
1469,T017,1.383,0.358,0.539,3.44,3.07,0,0,1,1
1470,T017,1.400,0.585,0.390,3.22,3.41,0,1,0,1
1471,T017,1.417,0.536,0.464,3.62,3.26,0,1,0,1
1472,T017,1.433,0.439,0.352,3.43,3.35,0,1,0,1
1473,T017,1.450,0.463,0.493,3.31,3.24,0,0,1,1
1474,T017,1.467,0.476,0.436,3.33,3.62,0,1,0,1
1475,T017,1.483,0.513,0.545,3.32,3.10,0,1,0,1
1476,T017,1.500,0.448,0.539,3.62,3.25,0,1,0,1
1477,T017,1.517,0.521,0.480,3.26,3.30,0,1,0,1
1478,T017,1.533,0.389,0.529,3.15,3.50,0,0,1,1
1479,T017,1.550,0.485,0.467,3.15,3.40,0,1,0,1
1480,T017,1.567,0.449,0.570,2.82,3.19,0,1,0,1
1481,T017,1.583,0.572,0.551,3.14,3.00,0,1,0,1
1482,T017,1.600,0.458,0.308,3.42,3.53,0,1,0,1
1483,T017,1.617,0.528,0.593,3.19,3.53,0,1,0,1
1484,T017,1.633,0.522,0.480,3.30,3.70,0,1,0,1
1485,T017,1.650,0.658,0.617,2.99,3.24,0,0,1,1
1486,T017,1.667,0.602,0.600,3.50,3.34,0,1,0,1
1487,T017,1.683,0.526,0.626,3.59,3.28,0,1,0,1
1488,T017,1.700,0.492,0.448,3.82,3.53,0,1,0,1
1489,T017,1.717,0.580,0.402,3.28,3.59,0,1,0,0
1490,T017,1.733,0.611,0.588,3.34,3.28,0,1,0,1
1491,T017,1.750,0.358,0.671,3.20,3.45,0,1,0,1
1492,T017,1.767,0.571,0.598,3.01,3.23,0,0,1,1
1493,T017,1.783,0.600,0.562,3.25,3.26,0,0,1,1
1494,T017,1.800,0.449,0.552,3.20,3.61,0,1,0,1
1495,T017,1.817,0.571,0.528,3.23,3.09,0,1,0,1
1496,T017,1.833,0.495,0.491,3.12,2.95,0,1,0,1
1497,T017,1.850,0.530,0.439,3.21,3.35,0,1,0,1
1498,T017,1.867,0.430,0.577,3.17,3.48,0,1,0,1
1499,T017,1.883,0.510,0.476,3.55,3.27,0,0,1,1
1500,T017,1.900,0.494,0.443,3.34,3.28,0,0,1,1
1501,T017,1.917,0.512,0.452,3.37,3.23,0,1,0,1
1502,T017,1.933,0.562,0.507,3.25,3.13,0,1,0,1
1503,T017,1.950,0.405,0.521,2.95,3.07,0,1,0,1
1504,T017,1.967,0.453,0.402,3.27,3.22,0,1,0,1
1505,T017,1.983,0.412,0.569,3.27,3.45,0,1,0,1
1506,T017,2.000,0.484,0.584,3.31,3.27,0,0,1,1
1507,T017,2.017,0.447,0.469,3.17,3.43,0,1,0,0
1508,T017,2.033,0.523,0.694,3.20,3.65,0,1,0,1
1509,T017,2.050,0.456,0.482,3.19,3.30,0,0,1,1
1510,T017,2.067,0.521,0.545,3.44,3.74,0,1,0,1
1511,T017,2.083,0.579,0.558,3.19,3.28,0,1,0,1
1512,T017,2.100,0.518,0.501,3.16,3.26,1,0,0,0
1513,T017,2.117,0.486,0.435,3.26,3.21,0,0,1,1
1514,T017,2.133,0.551,0.428,3.43,3.39,0,1,0,1
1515,T017,2.150,0.613,0.628,3.51,3.33,0,0,1,1
1516,T017,2.167,0.480,0.416,3.44,3.39,0,1,0,1
1517,T017,2.183,0.639,0.505,3.54,3.31,0,0,1,1
1518,T017,2.200,0.431,0.610,3.16,3.34,0,1,0,1
1519,T017,2.217,0.470,0.343,3.43,3.29,0,0,1,1
1520,T017,2.233,0.497,0.414,3.31,3.23,0,1,0,1
1521,T017,2.250,0.538,0.644,3.27,3.41,0,0,1,1
1522,T017,2.267,0.477,0.491,3.70,2.96,0,0,1,1
1523,T017,2.283,0.406,0.502,3.25,3.50,0,1,0,1
1524,T017,2.300,0.560,0.642,3.52,3.21,0,1,0,1
1525,T017,2.317,0.539,0.492,3.10,3.25,0,0,1,1
1526,T017,2.333,0.490,0.522,3.16,3.35,0,0,1,1
1527,T017,2.350,0.427,0.455,3.19,3.27,0,0,1,1
1528,T017,2.367,0.511,0.530,3.11,3.35,0,1,0,1
1529,T017,2.383,0.583,0.480,3.58,3.37,0,1,0,1
1530,T017,2.400,0.593,0.687,3.62,3.11,1,0,0,0
1531,T017,2.417,0.384,0.448,3.20,3.19,0,1,0,1
1532,T017,2.433,0.559,0.449,3.60,3.19,0,1,0,1
1533,T017,2.450,0.448,0.453,3.37,3.14,0,1,0,1
1534,T017,2.467,0.553,0.395,3.20,3.26,0,1,0,1
1535,T017,2.483,0.442,0.488,3.31,3.49,0,1,0,1
1536,T017,2.500,0.508,0.418,3.66,3.26,0,1,0,1
1537,T017,2.517,0.425,0.400,3.42,3.39,0,1,0,1
1538,T017,2.533,0.427,0.388,3.67,3.20,0,1,0,1
1539,T017,2.550,0.451,0.455,3.41,3.33,0,1,0,1
1540,T017,2.567,0.619,0.613,3.07,3.36,0,1,0,1
1541,T017,2.583,0.512,0.467,3.01,3.52,0,1,0,1
1542,T017,2.600,0.545,0.635,3.15,3.26,0,1,0,1
1543,T018,0.000,0.563,0.430,3.40,3.24,0,1,0,1
1544,T018,0.017,0.637,0.369,3.24,3.01,0,1,0,1
1545,T018,0.033,0.484,0.549,3.45,3.33,0,1,0,1
1546,T018,0.050,0.555,0.558,3.47,3.20,0,0,1,1
1547,T018,0.067,0.410,0.481,2.95,3.22,0,1,0,1
1548,T018,0.083,0.578,0.367,3.38,3.43,0,0,1,1
1549,T018,0.100,0.638,0.582,3.35,3.25,0,1,0,1
1550,T018,0.117,0.571,0.593,3.38,3.33,0,0,1,1
1551,T018,0.133,0.442,0.478,3.01,3.18,0,1,0,1
1552,T018,0.150,0.463,0.564,3.38,3.50,0,1,0,1
1553,T018,0.167,0.696,0.569,3.26,3.34,0,1,0,1
1554,T018,0.183,0.465,0.504,3.49,3.08,0,1,0,1
1555,T018,0.200,0.513,0.536,3.02,3.56,0,1,0,1
1556,T018,0.217,0.374,0.498,3.54,3.17,0,1,0,1
1557,T018,0.233,0.425,0.535,3.45,3.33,0,1,0,1
1558,T018,0.250,0.305,0.429,3.66,3.45,0,0,1,1
1559,T018,0.267,0.561,0.480,3.19,3.62,0,0,1,1
1560,T018,0.283,0.536,0.545,3.57,3.41,0,1,0,1
1561,T018,0.300,0.375,0.399,3.52,3.14,0,1,0,1
1562,T018,0.317,0.649,0.517,3.25,3.23,0,1,0,1
1563,T018,0.333,0.436,0.517,3.43,3.32,0,1,0,1
1564,T018,0.350,0.579,0.449,3.25,3.11,0,1,0,1
1565,T018,0.367,0.523,0.496,3.17,3.40,0,1,0,1
1566,T018,0.383,0.700,0.608,3.34,3.17,0,1,0,1
1567,T018,0.400,0.425,0.448,3.29,3.54,0,0,1,1
1568,T018,0.417,0.530,0.566,3.07,3.50,0,0,1,1
1569,T018,0.433,0.344,0.549,3.57,3.33,0,1,0,1
1570,T018,0.450,0.491,0.458,3.27,3.51,0,1,0,0
1571,T018,0.467,0.451,0.439,3.31,3.49,1,0,0,0
1572,T018,0.483,0.449,0.487,3.36,3.21,0,1,0,1
1573,T018,0.500,0.572,0.519,3.29,3.49,0,0,1,1
1574,T018,0.517,0.515,0.455,3.13,3.34,0,1,0,1
1575,T018,0.533,0.541,0.565,3.35,3.30,0,0,1,1
1576,T018,0.550,0.537,0.645,3.30,3.46,0,1,0,1
1577,T018,0.567,0.557,0.568,3.58,2.79,0,1,0,1
1578,T018,0.583,0.506,0.536,3.29,3.32,0,1,0,1
1579,T018,0.600,0.459,0.530,3.55,3.48,0,1,0,1
1580,T018,0.617,0.611,0.438,3.39,3.04,0,1,0,1
1581,T018,0.633,0.523,0.584,3.47,3.53,0,1,0,1
1582,T018,0.650,0.461,0.610,3.10,3.31,0,0,1,1
1583,T018,0.667,0.551,0.551,3.14,3.25,0,0,1,1
1584,T018,0.683,0.722,0.285,3.25,2.99,0,1,0,1
1585,T018,0.700,0.568,0.443,3.45,3.33,0,1,0,1
1586,T018,0.717,0.368,0.641,3.11,3.31,0,1,0,1
1587,T018,0.733,0.521,0.457,3.10,3.27,0,1,0,1
1588,T018,0.750,0.363,0.480,3.16,3.54,0,1,0,1
1589,T018,0.767,0.385,0.444,2.91,3.14,0,1,0,1
1590,T018,0.783,0.447,0.412,3.42,3.07,0,1,0,1
1591,T018,0.800,0.514,0.389,3.30,3.21,0,1,0,1
1592,T018,0.817,0.460,0.512,3.65,3.14,0,1,0,1
1593,T018,0.833,0.577,0.638,3.21,3.35,0,1,0,1
1594,T018,0.850,0.648,0.406,3.19,3.10,0,1,0,1
1595,T018,0.867,0.533,0.432,3.14,3.42,0,1,0,1
1596,T018,0.883,0.495,0.462,3.20,3.23,0,0,1,1
1597,T018,0.900,0.479,0.543,3.11,3.50,0,1,0,1
1598,T018,0.917,0.418,0.540,3.16,3.17,0,1,0,1
1599,T018,0.933,0.402,0.543,3.19,3.28,0,0,1,1
1600,T018,0.950,0.513,0.512,3.16,3.15,0,0,1,1
1601,T018,0.967,0.493,0.538,3.16,3.43,0,1,0,1
1602,T018,0.983,0.580,0.379,3.09,3.14,0,1,0,1
1603,T018,1.000,0.553,0.501,3.20,3.04,0,1,0,1
1604,T018,1.017,0.542,0.439,3.59,3.28,1,0,0,0
1605,T018,1.033,0.470,0.489,3.45,3.37,1,0,0,0
1606,T018,1.050,0.530,0.609,3.17,3.60,0,0,1,1
1607,T018,1.067,0.504,0.581,3.25,3.15,0,1,0,1
1608,T018,1.083,0.590,0.412,3.40,3.05,0,1,0,1
1609,T018,1.100,0.508,0.468,3.30,3.45,0,1,0,1
1610,T018,1.117,0.530,0.561,3.30,3.23,0,1,0,1
1611,T018,1.133,0.532,0.429,3.39,3.80,0,1,0,1
1612,T018,1.150,0.482,0.671,3.42,3.18,0,1,0,1
1613,T018,1.167,0.455,0.545,3.14,3.47,0,1,0,1
1614,T018,1.183,0.629,0.519,3.40,3.30,0,1,0,1
1615,T018,1.200,0.439,0.569,3.35,3.13,0,1,0,0
1616,T018,1.217,0.594,0.702,3.38,3.50,1,0,0,0
1617,T018,1.233,0.486,0.484,3.30,3.33,0,1,0,1
1618,T018,1.250,0.532,0.543,3.23,3.26,0,1,0,1
1619,T018,1.267,0.651,0.549,3.30,3.45,0,0,1,1
1620,T018,1.283,0.681,0.543,3.47,3.61,0,1,0,1
1621,T018,1.300,0.450,0.538,3.45,3.24,0,1,0,1
1622,T018,1.317,0.550,0.428,3.21,3.25,0,1,0,1
1623,T018,1.333,0.518,0.628,3.29,3.17,0,1,0,1
1624,T018,1.350,0.464,0.486,3.33,3.62,0,1,0,1
1625,T018,1.367,0.554,0.431,3.34,3.09,0,1,0,1
1626,T018,1.383,0.440,0.470,3.01,3.43,0,1,0,1
1627,T018,1.400,0.458,0.442,3.46,3.19,0,1,0,1
1628,T018,1.417,0.531,0.369,3.78,3.29,0,1,0,1
1629,T018,1.433,0.594,0.580,3.15,3.27,0,1,0,1
1630,T018,1.450,0.462,0.481,3.40,3.27,0,0,1,1
1631,T018,1.467,0.569,0.525,3.32,2.87,0,1,0,0
1632,T018,1.483,0.515,0.356,3.11,3.22,0,1,0,1
1633,T018,1.500,0.681,0.414,3.45,3.25,0,1,0,1
1634,T018,1.517,0.596,0.646,3.32,3.25,0,1,0,1
1635,T018,1.533,0.446,0.631,3.26,3.46,0,1,0,1
1636,T018,1.550,0.457,0.454,3.27,3.30,0,1,0,1
1637,T018,1.567,0.634,0.517,3.46,3.43,1,0,0,0
1638,T018,1.583,0.357,0.602,3.02,3.18,0,1,0,1
1639,T018,1.600,0.470,0.500,3.32,3.31,0,1,0,1
1640,T018,1.617,0.610,0.602,3.21,3.26,0,1,0,1
1641,T018,1.633,0.426,0.287,3.28,3.32,0,1,0,1
1642,T018,1.650,0.666,0.569,3.35,3.29,0,1,0,1
1643,T018,1.667,0.540,0.704,3.36,3.28,0,1,0,1
1644,T018,1.683,0.603,0.429,3.65,3.01,0,1,0,1
1645,T018,1.700,0.487,0.485,3.44,3.63,0,1,0,1
1646,T018,1.717,0.638,0.486,3.33,3.42,0,1,0,1
1647,T018,1.733,0.639,0.575,3.46,3.25,0,1,0,1
1648,T018,1.750,0.545,0.415,3.10,3.49,1,0,0,0
1649,T018,1.767,0.519,0.579,3.43,3.43,0,1,0,1
1650,T018,1.783,0.440,0.521,3.38,3.12,0,1,0,1
1651,T018,1.800,0.411,0.519,3.36,3.34,0,0,1,1
1652,T018,1.817,0.692,0.541,3.38,2.89,0,1,0,1
1653,T018,1.833,0.387,0.481,3.19,3.27,0,1,0,1
1654,T018,1.850,0.477,0.555,3.51,3.41,0,0,1,1
1655,T018,1.867,0.519,0.407,3.47,3.25,0,1,0,1
1656,T018,1.883,0.500,0.639,3.63,3.37,0,1,0,1
1657,T018,1.900,0.537,0.460,3.32,3.46,0,1,0,1
1658,T018,1.917,0.504,0.297,3.35,3.54,0,1,0,1
1659,T018,1.933,0.521,0.635,3.18,3.26,0,1,0,1
1660,T018,1.950,0.461,0.568,3.50,3.50,0,0,1,1
1661,T018,1.967,0.534,0.459,3.20,3.19,0,1,0,1
1662,T018,1.983,0.519,0.658,3.52,3.32,0,1,0,1
1663,T018,2.000,0.387,0.391,3.50,3.15,0,0,1,1
1664,T018,2.017,0.458,0.469,2.95,3.28,0,1,0,1
1665,T018,2.033,0.409,0.522,3.29,2.98,0,1,0,1
1666,T018,2.050,0.506,0.419,3.15,3.24,0,0,1,1
1667,T018,2.067,0.515,0.361,3.11,3.52,0,0,1,1
1668,T018,2.083,0.590,0.520,3.16,3.20,0,0,1,1
1669,T018,2.100,0.505,0.431,3.38,3.13,0,1,0,1
1670,T018,2.117,0.498,0.470,3.27,3.58,0,0,1,1
1671,T018,2.133,0.554,0.535,3.12,3.06,0,1,0,1
1672,T018,2.150,0.443,0.569,3.41,3.22,0,1,0,1
1673,T018,2.167,0.539,0.481,3.53,3.10,0,0,1,1
1674,T018,2.183,0.414,0.449,3.42,3.05,0,1,0,1
1675,T018,2.200,0.343,0.544,3.35,3.43,0,1,0,1
1676,T018,2.217,0.581,0.446,3.41,3.27,0,1,0,1
1677,T018,2.233,0.598,0.392,3.57,3.53,0,0,1,1
1678,T018,2.250,0.537,0.441,3.29,3.12,0,0,1,1
1679,T018,2.267,0.562,0.411,3.07,3.06,0,1,0,1
1680,T018,2.283,0.486,0.480,3.29,3.39,0,1,0,1
1681,T018,2.300,0.559,0.565,3.39,3.45,0,0,1,1
1682,T019,0.000,0.576,0.581,3.22,3.35,0,1,0,1
1683,T019,0.017,0.575,0.532,3.26,3.13,0,1,0,1
1684,T019,0.033,0.441,0.549,3.38,3.44,0,0,1,1
1685,T019,0.050,0.492,0.743,3.39,3.25,0,1,0,0
1686,T019,0.067,0.377,0.464,3.24,3.15,0,0,1,1
1687,T019,0.083,0.524,0.637,3.43,2.99,0,1,0,1
1688,T019,0.100,0.471,0.540,3.27,3.63,1,0,0,0
1689,T019,0.117,0.754,0.492,3.33,3.28,0,1,0,1
1690,T019,0.133,0.617,0.477,3.07,3.57,0,1,0,1
1691,T019,0.150,0.589,0.646,3.36,3.15,0,1,0,1
1692,T019,0.167,0.474,0.476,3.23,3.18,0,1,0,1
1693,T019,0.183,0.363,0.577,2.99,2.98,0,0,1,1
1694,T019,0.200,0.460,0.525,3.22,3.57,0,0,1,1
1695,T019,0.217,0.585,0.408,3.11,3.50,0,1,0,1
1696,T019,0.233,0.613,0.413,3.31,3.44,0,1,0,1
1697,T019,0.250,0.412,0.509,3.34,3.45,0,0,1,1
1698,T019,0.267,0.533,0.595,3.58,3.26,0,1,0,1
1699,T019,0.283,0.371,0.481,3.46,3.28,0,1,0,1
1700,T019,0.300,0.532,0.531,3.27,3.50,0,0,1,1
1701,T019,0.317,0.484,0.453,3.47,3.52,0,1,0,1
1702,T019,0.333,0.398,0.522,3.00,3.14,0,0,1,1
1703,T019,0.350,0.558,0.500,3.44,3.44,0,1,0,1
1704,T019,0.367,0.461,0.438,3.45,3.59,0,1,0,1
1705,T019,0.383,0.536,0.575,3.65,3.39,0,1,0,1
1706,T019,0.400,0.609,0.472,3.33,3.41,0,1,0,1
1707,T019,0.417,0.449,0.536,3.41,3.39,0,1,0,1
1708,T019,0.433,0.449,0.540,3.11,3.37,0,1,0,1
1709,T019,0.450,0.553,0.372,3.18,3.20,0,1,0,1
1710,T019,0.467,0.507,0.651,3.27,3.24,0,1,0,1
1711,T019,0.483,0.505,0.385,3.38,3.41,0,1,0,1
1712,T019,0.500,0.416,0.592,3.02,3.34,0,1,0,1
1713,T019,0.517,0.450,0.607,3.41,3.30,0,1,0,1
1714,T019,0.533,0.472,0.499,3.58,3.51,0,1,0,1
1715,T019,0.550,0.492,0.624,3.17,3.46,0,0,1,1
1716,T019,0.567,0.660,0.508,3.48,3.44,0,1,0,1
1717,T019,0.583,0.441,0.625,3.37,3.59,0,0,1,1
1718,T019,0.600,0.487,0.500,3.31,3.02,0,1,0,1
1719,T019,0.617,0.438,0.552,3.70,2.88,0,1,0,1
1720,T019,0.633,0.537,0.437,3.52,3.31,0,1,0,1
1721,T019,0.650,0.454,0.488,3.17,3.13,0,1,0,1
1722,T019,0.667,0.487,0.464,3.33,2.97,0,1,0,1
1723,T019,0.683,0.662,0.518,3.56,3.16,0,0,1,1
1724,T019,0.700,0.672,0.629,3.23,3.44,0,1,0,1
1725,T019,0.717,0.460,0.492,3.42,3.15,0,1,0,1
1726,T019,0.733,0.381,0.425,3.43,2.99,0,1,0,1
1727,T019,0.750,0.609,0.488,3.72,3.24,0,0,1,1
1728,T019,0.767,0.462,0.492,3.13,3.46,0,1,0,1
1729,T019,0.783,0.531,0.582,3.15,3.31,0,1,0,1
1730,T019,0.800,0.273,0.504,3.22,3.50,0,1,0,1
1731,T019,0.817,0.323,0.521,3.55,3.58,0,0,1,1
1732,T019,0.833,0.518,0.496,2.96,2.98,0,0,1,1
1733,T019,0.850,0.486,0.565,3.27,3.32,0,1,0,1
1734,T019,0.867,0.653,0.583,3.54,3.20,0,1,0,1
1735,T019,0.883,0.553,0.583,3.17,3.08,0,0,1,1
1736,T019,0.900,0.438,0.658,3.29,3.47,0,1,0,1
1737,T019,0.917,0.597,0.475,3.10,3.31,0,0,1,1
1738,T019,0.933,0.431,0.456,3.16,3.39,0,1,0,1
1739,T019,0.950,0.536,0.555,3.36,3.74,0,1,0,1
1740,T019,0.967,0.438,0.490,3.51,3.38,0,1,0,1
1741,T019,0.983,0.261,0.345,3.17,3.45,0,0,1,0
1742,T019,1.000,0.330,0.518,3.24,3.51,0,1,0,0
1743,T019,1.017,0.544,0.499,3.50,3.21,0,1,0,1
1744,T019,1.033,0.466,0.473,3.33,3.54,0,1,0,1
1745,T019,1.050,0.389,0.541,3.32,3.37,0,1,0,1
1746,T019,1.067,0.423,0.508,3.08,3.24,0,1,0,1
1747,T019,1.083,0.457,0.712,3.33,3.47,0,1,0,1
1748,T019,1.100,0.514,0.527,3.50,3.40,0,1,0,1
1749,T019,1.117,0.721,0.373,3.21,3.49,0,0,1,1
1750,T019,1.133,0.704,0.539,3.27,3.24,1,0,0,0
1751,T019,1.150,0.477,0.333,3.52,3.07,0,0,1,1
1752,T019,1.167,0.588,0.566,3.49,3.53,0,1,0,1
1753,T019,1.183,0.416,0.526,3.59,3.27,1,0,0,0
1754,T019,1.200,0.631,0.506,3.10,3.22,0,1,0,1
1755,T019,1.217,0.553,0.564,3.69,3.38,0,1,0,1
1756,T019,1.233,0.424,0.539,3.45,3.49,0,1,0,1
1757,T019,1.250,0.607,0.519,3.53,3.51,0,1,0,1
1758,T019,1.267,0.460,0.515,3.34,3.59,0,0,1,1
1759,T019,1.283,0.453,0.398,3.36,3.20,0,1,0,1
1760,T019,1.300,0.525,0.493,3.48,3.34,1,0,0,0
1761,T019,1.317,0.450,0.542,3.11,3.34,0,1,0,1
1762,T019,1.333,0.617,0.434,3.53,3.46,0,1,0,1
1763,T019,1.350,0.479,0.533,3.27,3.55,0,1,0,1
1764,T019,1.367,0.529,0.527,3.15,3.39,0,0,1,1
1765,T019,1.383,0.521,0.521,3.51,3.27,0,1,0,1
1766,T019,1.400,0.379,0.564,3.40,3.31,0,0,1,1
1767,T019,1.417,0.502,0.415,3.27,3.18,0,1,0,1
1768,T019,1.433,0.416,0.530,3.36,3.39,0,1,0,0
1769,T019,1.450,0.443,0.561,3.38,2.96,0,1,0,1
1770,T019,1.467,0.443,0.662,3.14,3.29,0,0,1,1
1771,T019,1.483,0.278,0.538,3.26,3.37,0,1,0,1
1772,T019,1.500,0.543,0.535,3.12,2.97,0,1,0,1
1773,T019,1.517,0.384,0.437,3.10,3.11,0,1,0,1
1774,T019,1.533,0.356,0.562,3.32,3.34,0,0,1,1
1775,T019,1.550,0.449,0.408,3.65,3.45,0,1,0,1
1776,T019,1.567,0.631,0.377,3.50,3.29,0,0,1,1
1777,T019,1.583,0.374,0.528,3.26,3.27,0,0,1,1
1778,T019,1.600,0.524,0.403,3.37,3.19,0,1,0,1
1779,T019,1.617,0.650,0.640,3.41,3.27,0,1,0,1
1780,T019,1.633,0.720,0.575,3.21,3.36,0,1,0,1
1781,T019,1.650,0.503,0.547,2.90,3.39,0,0,1,1
1782,T019,1.667,0.624,0.489,3.31,2.88,0,1,0,1
1783,T019,1.683,0.565,0.623,3.35,3.48,0,0,1,0
1784,T019,1.700,0.326,0.527,3.37,3.26,0,1,0,1
1785,T019,1.717,0.502,0.416,3.39,3.30,0,1,0,1
1786,T019,1.733,0.407,0.507,3.29,3.25,0,0,1,1
1787,T019,1.750,0.518,0.615,3.25,3.31,0,0,1,1
1788,T019,1.767,0.584,0.530,3.42,3.49,0,1,0,1
1789,T019,1.783,0.430,0.430,3.50,3.31,0,1,0,1
1790,T019,1.800,0.561,0.478,3.47,3.10,0,1,0,1
1791,T019,1.817,0.448,0.531,3.27,3.29,0,0,1,1
1792,T019,1.833,0.498,0.502,3.09,3.60,0,0,1,1
1793,T020,0.000,0.582,0.585,3.24,3.46,0,1,0,1
1794,T020,0.017,0.464,0.615,3.28,3.17,0,0,1,1
1795,T020,0.033,0.330,0.527,3.28,3.46,0,0,1,1
1796,T020,0.050,0.550,0.563,3.04,3.38,0,1,0,1
1797,T020,0.067,0.630,0.426,3.17,3.25,0,1,0,1
1798,T020,0.083,0.511,0.390,3.19,3.42,0,1,0,1
1799,T020,0.100,0.474,0.356,3.51,3.40,0,1,0,1
1800,T020,0.117,0.628,0.555,3.07,3.19,0,0,1,1
1801,T020,0.133,0.392,0.614,3.17,3.24,0,1,0,1
1802,T020,0.150,0.394,0.564,3.11,3.34,0,1,0,1
1803,T020,0.167,0.577,0.499,3.26,3.13,0,1,0,1
1804,T020,0.183,0.525,0.571,3.14,3.88,0,1,0,1
1805,T020,0.200,0.449,0.693,2.88,3.35,0,1,0,1
1806,T020,0.217,0.518,0.511,3.39,3.31,0,0,1,1
1807,T020,0.233,0.678,0.571,3.19,3.24,0,1,0,1
1808,T020,0.250,0.478,0.409,3.27,3.03,1,0,0,0
1809,T020,0.267,0.502,0.485,3.35,3.13,0,1,0,1
1810,T020,0.283,0.410,0.460,3.28,3.31,0,1,0,1
1811,T020,0.300,0.404,0.462,3.20,3.35,0,1,0,1
1812,T020,0.317,0.483,0.641,3.52,3.19,0,0,1,1
1813,T020,0.333,0.503,0.426,3.29,3.31,0,0,1,1
1814,T020,0.350,0.594,0.537,3.01,3.46,0,1,0,1
1815,T020,0.367,0.639,0.490,3.50,3.46,1,0,0,0
1816,T020,0.383,0.490,0.387,3.32,3.46,0,0,1,1
1817,T020,0.400,0.456,0.434,3.31,3.53,0,1,0,1
1818,T020,0.417,0.628,0.512,3.60,3.40,0,0,1,1
1819,T020,0.433,0.417,0.437,3.23,3.36,0,1,0,1
1820,T020,0.450,0.575,0.527,3.50,3.11,0,1,0,1
1821,T020,0.467,0.481,0.482,3.31,3.15,0,1,0,1
1822,T020,0.483,0.482,0.434,3.71,2.85,0,1,0,0
1823,T020,0.500,0.400,0.355,3.45,3.18,0,1,0,1
1824,T020,0.517,0.434,0.555,3.54,3.25,0,1,0,1
1825,T020,0.533,0.369,0.569,3.54,3.11,0,1,0,1
1826,T020,0.550,0.482,0.532,3.71,3.65,0,1,0,1
1827,T020,0.567,0.509,0.506,3.38,3.37,0,1,0,1
1828,T020,0.583,0.402,0.461,2.93,3.45,0,0,1,1
1829,T020,0.600,0.435,0.387,3.61,3.04,0,0,1,1
1830,T020,0.617,0.523,0.527,3.49,3.08,0,1,0,1
1831,T020,0.633,0.401,0.485,3.38,3.17,0,1,0,1
1832,T020,0.650,0.474,0.407,3.25,3.38,0,1,0,1
1833,T020,0.667,0.566,0.536,3.23,3.42,0,0,1,1
1834,T020,0.683,0.497,0.584,3.52,3.20,0,0,1,1
1835,T020,0.700,0.408,0.439,3.18,3.38,0,1,0,1
1836,T020,0.717,0.350,0.563,3.05,3.30,0,1,0,1
1837,T020,0.733,0.673,0.490,3.05,3.32,0,1,0,1
1838,T020,0.750,0.457,0.394,3.55,3.44,0,1,0,1
1839,T020,0.767,0.537,0.590,3.38,3.17,0,1,0,1
1840,T020,0.783,0.553,0.407,3.21,3.39,0,1,0,1
1841,T020,0.800,0.676,0.486,3.21,3.31,0,0,1,1
1842,T020,0.817,0.509,0.515,3.47,3.00,0,0,1,1
1843,T020,0.833,0.487,0.546,3.15,3.46,0,1,0,1
1844,T020,0.850,0.487,0.664,3.04,3.07,0,0,1,1
1845,T020,0.867,0.510,0.476,3.46,3.57,0,1,0,1
1846,T020,0.883,0.481,0.791,3.61,3.29,0,1,0,1
1847,T020,0.900,0.389,0.471,3.38,3.31,0,0,1,1
1848,T020,0.917,0.447,0.454,3.20,3.30,0,1,0,1
1849,T020,0.933,0.433,0.552,3.32,3.38,0,1,0,1
1850,T020,0.950,0.550,0.572,3.22,3.18,0,1,0,1
1851,T020,0.967,0.462,0.562,3.24,3.36,0,1,0,1
1852,T020,0.983,0.491,0.466,3.21,3.48,0,0,1,1
1853,T020,1.000,0.379,0.487,3.38,3.49,0,0,1,1
1854,T020,1.017,0.591,0.498,3.73,3.20,0,1,0,1
1855,T020,1.033,0.544,0.415,3.23,3.25,0,1,0,1
1856,T020,1.050,0.526,0.583,3.08,3.30,0,0,1,1
1857,T020,1.067,0.395,0.454,3.03,3.42,0,1,0,1
1858,T020,1.083,0.488,0.424,3.03,2.98,0,1,0,0
1859,T020,1.100,0.638,0.428,2.99,2.97,0,0,1,1
1860,T020,1.117,0.518,0.447,3.65,3.07,0,1,0,1
1861,T020,1.133,0.436,0.546,3.34,3.40,0,1,0,1
1862,T020,1.150,0.575,0.490,3.31,3.18,0,1,0,1
1863,T020,1.167,0.367,0.470,3.63,2.94,0,1,0,1
1864,T020,1.183,0.384,0.413,3.29,3.25,1,0,0,0
1865,T020,1.200,0.486,0.534,3.67,3.31,0,1,0,1
1866,T020,1.217,0.392,0.463,3.29,3.18,0,1,0,1
1867,T020,1.233,0.459,0.370,3.16,3.04,0,1,0,1
1868,T020,1.250,0.503,0.588,3.37,3.37,0,0,1,1
1869,T020,1.267,0.583,0.429,3.25,3.32,0,1,0,1
1870,T020,1.283,0.465,0.414,3.42,3.19,0,1,0,1
1871,T020,1.300,0.393,0.398,3.55,3.06,0,1,0,1
1872,T020,1.317,0.531,0.685,3.61,3.31,0,1,0,1
1873,T020,1.333,0.656,0.394,3.64,3.19,0,0,1,1
1874,T020,1.350,0.486,0.454,3.62,3.31,0,1,0,1
1875,T020,1.367,0.484,0.569,3.20,3.31,0,1,0,1
1876,T020,1.383,0.572,0.576,3.21,3.24,0,1,0,1
1877,T020,1.400,0.496,0.554,3.36,2.99,0,0,1,1
1878,T020,1.417,0.441,0.466,3.39,3.21,0,1,0,1
1879,T020,1.433,0.407,0.580,3.12,3.24,0,1,0,1
1880,T020,1.450,0.478,0.417,3.39,3.09,0,1,0,1
1881,T020,1.467,0.543,0.304,3.48,3.33,0,1,0,0
1882,T020,1.483,0.519,0.570,3.77,3.42,0,1,0,1
1883,T020,1.500,0.544,0.539,3.35,3.40,0,1,0,1
1884,T020,1.517,0.648,0.484,3.22,3.55,0,1,0,1
1885,T020,1.533,0.650,0.398,3.27,3.22,0,1,0,1
1886,T020,1.550,0.520,0.362,3.31,3.16,0,1,0,1
1887,T020,1.567,0.462,0.423,3.15,3.35,0,1,0,1
1888,T020,1.583,0.417,0.497,3.03,3.34,0,1,0,1
1889,T020,1.600,0.486,0.447,3.01,3.21,0,1,0,1
1890,T020,1.617,0.530,0.471,3.38,3.35,0,1,0,1
1891,T020,1.633,0.500,0.383,3.30,3.23,0,1,0,0
1892,T020,1.650,0.431,0.521,3.22,3.10,0,0,1,1
1893,T020,1.667,0.534,0.515,3.44,3.43,0,0,1,1
1894,T020,1.683,0.443,0.445,3.20,3.62,0,1,0,1
1895,T020,1.700,0.350,0.488,3.43,3.72,0,1,0,1
1896,T020,1.717,0.484,0.461,3.47,3.45,0,1,0,1
1897,T020,1.733,0.531,0.502,3.18,3.47,0,1,0,1
1898,T021,0.000,0.436,0.717,3.38,3.13,0,0,1,1
1899,T021,0.017,0.579,0.607,3.23,3.28,0,1,0,1
1900,T021,0.033,0.420,0.475,3.41,3.34,0,1,0,1
1901,T021,0.050,0.463,0.474,3.45,3.35,0,0,1,1
1902,T021,0.067,0.463,0.385,3.56,3.19,0,1,0,1
1903,T021,0.083,0.591,0.576,3.37,3.13,0,1,0,1
1904,T021,0.100,0.484,0.636,3.23,3.33,0,1,0,1
1905,T021,0.117,0.361,0.533,3.44,3.10,0,1,0,1
1906,T021,0.133,0.452,0.613,3.01,3.39,0,0,1,1
1907,T021,0.150,0.435,0.320,3.33,3.41,0,1,0,1
1908,T021,0.167,0.533,0.512,3.23,3.24,0,0,1,1
1909,T021,0.183,0.464,0.575,3.25,3.36,0,1,0,1
1910,T021,0.200,0.496,0.362,3.50,3.47,0,1,0,1
1911,T021,0.217,0.466,0.462,3.44,2.82,0,1,0,1
1912,T021,0.233,0.543,0.422,3.08,3.05,0,0,1,1
1913,T021,0.250,0.516,0.554,3.34,3.27,0,1,0,1
1914,T021,0.267,0.546,0.665,3.53,3.57,0,1,0,1
1915,T021,0.283,0.465,0.470,3.30,3.13,0,1,0,1
1916,T021,0.300,0.526,0.581,3.39,3.66,0,1,0,1
1917,T021,0.317,0.554,0.484,3.45,3.36,0,1,0,1
1918,T021,0.333,0.536,0.488,3.24,3.24,0,1,0,1
1919,T021,0.350,0.559,0.492,3.37,3.13,0,1,0,1
1920,T021,0.367,0.544,0.588,3.48,3.26,0,1,0,1
1921,T021,0.383,0.606,0.538,3.34,3.26,0,1,0,1
1922,T021,0.400,0.489,0.516,3.39,3.53,0,1,0,1
1923,T021,0.417,0.418,0.474,3.21,3.54,0,0,1,1
1924,T021,0.433,0.515,0.522,3.52,3.67,0,1,0,1
1925,T021,0.450,0.522,0.363,3.48,3.41,0,1,0,1
1926,T021,0.467,0.507,0.547,3.23,3.32,0,1,0,1
1927,T021,0.483,0.519,0.524,3.54,3.09,0,1,0,1
1928,T021,0.500,0.417,0.587,3.36,3.25,0,0,1,1
1929,T021,0.517,0.527,0.638,3.34,3.35,0,1,0,1
1930,T021,0.533,0.442,0.517,3.44,3.32,0,1,0,1
1931,T021,0.550,0.530,0.466,3.21,3.36,0,1,0,1
1932,T021,0.567,0.474,0.499,3.46,3.28,0,1,0,1
1933,T021,0.583,0.568,0.483,3.37,2.95,0,0,1,1
1934,T021,0.600,0.601,0.483,3.19,3.28,0,0,1,1
1935,T021,0.617,0.484,0.498,3.39,3.03,0,0,1,1
1936,T021,0.633,0.458,0.501,3.30,3.32,0,0,1,1
1937,T021,0.650,0.519,0.439,3.57,3.51,1,0,0,0
1938,T021,0.667,0.487,0.457,3.65,3.17,0,0,1,1
1939,T021,0.683,0.485,0.480,3.35,3.24,0,0,1,1
1940,T021,0.700,0.461,0.538,3.42,3.48,0,1,0,1
1941,T021,0.717,0.483,0.582,3.26,3.36,0,1,0,1
1942,T021,0.733,0.554,0.464,3.45,3.41,0,0,1,1
1943,T021,0.750,0.483,0.457,3.12,3.33,1,0,0,0
1944,T021,0.767,0.520,0.426,3.70,3.53,0,1,0,0
1945,T021,0.783,0.570,0.461,3.22,3.34,0,1,0,1
1946,T021,0.800,0.397,0.466,3.32,3.02,0,0,1,1
1947,T021,0.817,0.408,0.473,3.38,3.22,0,1,0,1
1948,T021,0.833,0.543,0.538,3.19,3.39,0,1,0,1
1949,T021,0.850,0.505,0.431,3.30,3.41,0,0,1,1
1950,T021,0.867,0.450,0.537,3.52,3.38,0,0,1,1
1951,T021,0.883,0.448,0.350,3.37,3.38,0,0,1,1
1952,T021,0.900,0.489,0.406,3.46,3.73,0,0,1,1
1953,T021,0.917,0.734,0.493,3.35,3.24,1,0,0,0
1954,T021,0.933,0.442,0.547,3.40,3.47,0,1,0,1
1955,T021,0.950,0.616,0.481,3.30,3.09,0,0,1,1
1956,T021,0.967,0.531,0.496,3.56,3.18,0,1,0,1
1957,T021,0.983,0.544,0.392,3.23,3.08,0,1,0,1
1958,T021,1.000,0.539,0.478,2.93,3.20,0,1,0,1
1959,T021,1.017,0.572,0.477,3.40,3.39,0,1,0,1
1960,T021,1.033,0.574,0.703,3.50,2.90,0,1,0,1
1961,T021,1.050,0.490,0.398,3.38,3.45,0,0,1,1
1962,T021,1.067,0.522,0.498,3.61,3.45,0,1,0,1
1963,T021,1.083,0.519,0.408,3.48,3.55,0,1,0,1
1964,T021,1.100,0.532,0.507,3.38,3.28,0,1,0,1
1965,T021,1.117,0.375,0.526,3.40,3.46,0,1,0,1
1966,T021,1.133,0.433,0.457,3.21,2.93,0,1,0,1
1967,T021,1.150,0.400,0.564,3.33,3.72,0,1,0,1
1968,T021,1.167,0.454,0.541,3.28,3.33,0,1,0,1
1969,T021,1.183,0.488,0.569,3.50,3.55,0,1,0,1
1970,T021,1.200,0.509,0.525,3.48,3.25,0,1,0,1
1971,T021,1.217,0.506,0.557,3.18,3.33,0,0,1,1
1972,T021,1.233,0.447,0.400,3.53,3.35,0,0,1,1
1973,T021,1.250,0.557,0.398,3.45,3.08,0,1,0,1
1974,T021,1.267,0.398,0.517,3.45,3.31,0,0,1,1
1975,T021,1.283,0.519,0.621,3.09,3.07,0,1,0,1
1976,T021,1.300,0.521,0.654,3.48,3.22,0,1,0,1
1977,T021,1.317,0.536,0.479,3.39,3.29,0,1,0,1
1978,T021,1.333,0.537,0.450,3.50,3.48,0,1,0,1
1979,T021,1.350,0.539,0.469,3.55,3.13,0,1,0,1
1980,T021,1.367,0.470,0.551,3.27,3.13,0,0,1,1
1981,T021,1.383,0.493,0.433,3.10,3.34,0,1,0,1
1982,T021,1.400,0.430,0.495,3.35,2.91,0,1,0,1
1983,T021,1.417,0.565,0.454,3.34,3.30,0,1,0,1
1984,T021,1.433,0.545,0.399,3.54,3.11,0,0,1,1
1985,T021,1.450,0.451,0.466,3.19,3.24,0,0,1,1
1986,T021,1.467,0.413,0.351,3.47,3.28,0,1,0,1
1987,T021,1.483,0.559,0.518,3.12,3.20,0,1,0,1
1988,T021,1.500,0.404,0.564,3.32,3.21,0,0,1,1
1989,T021,1.517,0.473,0.515,3.12,3.69,0,1,0,1
1990,T021,1.533,0.503,0.643,3.40,3.50,0,1,0,1
1991,T021,1.550,0.583,0.529,3.22,3.26,0,0,1,1
1992,T021,1.567,0.587,0.402,2.95,3.45,0,1,0,1
1993,T021,1.583,0.362,0.478,3.57,3.44,0,1,0,1
1994,T021,1.600,0.383,0.482,3.28,3.38,0,1,0,1
1995,T021,1.617,0.396,0.577,3.03,3.09,0,1,0,1
1996,T021,1.633,0.634,0.537,3.18,3.14,0,1,0,1
1997,T021,1.650,0.508,0.485,3.13,3.52,0,1,0,1
1998,T021,1.667,0.536,0.571,3.28,3.34,1,0,0,0
1999,T021,1.683,0.578,0.604,3.12,3.14,0,1,0,1
2000,T021,1.700,0.453,0.453,3.29,3.21,0,1,0,1
2001,T021,1.717,0.526,0.589,3.34,2.94,0,1,0,1
2002,T021,1.733,0.432,0.526,3.20,3.45,0,0,1,1
2003,T021,1.750,0.399,0.601,3.32,3.25,0,1,0,1
2004,T021,1.767,0.500,0.537,3.35,3.64,0,1,0,1
2005,T021,1.783,0.537,0.535,3.25,3.30,0,1,0,1
2006,T021,1.800,0.421,0.503,3.14,3.41,0,1,0,1
2007,T021,1.817,0.551,0.599,2.99,2.90,0,1,0,1
2008,T021,1.833,0.602,0.432,3.27,3.13,0,1,0,1
2009,T022,0.000,0.544,0.404,3.28,3.39,0,1,0,1
2010,T022,0.017,0.413,0.575,3.32,3.55,0,0,1,1
2011,T022,0.033,0.433,0.490,3.43,3.42,0,1,0,1
2012,T022,0.050,0.449,0.486,3.12,3.12,0,1,0,1
2013,T022,0.067,0.413,0.445,3.14,2.93,0,0,1,1
2014,T022,0.083,0.444,0.540,3.10,3.22,0,0,1,1
2015,T022,0.100,0.492,0.425,3.30,3.58,0,1,0,1
2016,T022,0.117,0.512,0.524,3.16,3.50,0,1,0,1
2017,T022,0.133,0.444,0.471,2.96,3.37,0,1,0,1
2018,T022,0.150,0.523,0.542,3.16,3.31,0,0,1,1
2019,T022,0.167,0.378,0.493,3.26,3.04,0,1,0,1
2020,T022,0.183,0.438,0.440,2.94,3.60,0,1,0,1
2021,T022,0.200,0.467,0.508,3.26,2.70,0,1,0,1
2022,T022,0.217,0.319,0.562,3.33,3.35,0,1,0,1
2023,T022,0.233,0.480,0.519,3.25,3.47,0,0,1,1
2024,T022,0.250,0.463,0.559,3.25,3.74,0,1,0,1
2025,T022,0.267,0.433,0.518,3.48,3.39,0,0,1,1
2026,T022,0.283,0.620,0.676,3.54,3.47,0,1,0,1
2027,T022,0.300,0.638,0.409,3.49,3.33,0,1,0,1
2028,T022,0.317,0.661,0.462,3.40,3.32,0,1,0,1
2029,T022,0.333,0.529,0.586,3.25,3.25,0,1,0,1
2030,T022,0.350,0.445,0.747,3.05,3.17,0,0,1,1
2031,T022,0.367,0.526,0.472,2.92,3.32,0,1,0,1
2032,T022,0.383,0.460,0.637,3.29,3.13,0,1,0,1
2033,T022,0.400,0.407,0.567,3.30,3.43,0,1,0,1
2034,T022,0.417,0.501,0.516,2.90,3.53,0,0,1,1
2035,T022,0.433,0.662,0.465,3.53,3.19,0,1,0,1
2036,T022,0.450,0.620,0.416,3.43,3.64,0,1,0,1
2037,T022,0.467,0.467,0.471,3.39,3.20,0,1,0,1
2038,T022,0.483,0.424,0.468,3.22,3.39,0,1,0,1
2039,T022,0.500,0.530,0.471,3.41,3.16,0,0,1,1
2040,T022,0.517,0.470,0.418,3.40,3.54,0,1,0,0
2041,T022,0.533,0.436,0.501,3.37,3.61,0,1,0,1
2042,T022,0.550,0.485,0.458,3.38,3.41,0,1,0,1
2043,T022,0.567,0.427,0.534,3.23,3.37,0,1,0,1
2044,T022,0.583,0.565,0.474,3.38,3.24,0,1,0,1
2045,T022,0.600,0.460,0.491,3.46,3.35,0,1,0,1
2046,T022,0.617,0.359,0.347,3.25,3.46,1,0,0,0
2047,T022,0.633,0.475,0.452,3.25,3.28,0,1,0,1
2048,T022,0.650,0.519,0.434,3.27,3.11,0,1,0,1
2049,T022,0.667,0.639,0.453,3.19,3.35,0,1,0,1
2050,T022,0.683,0.449,0.451,3.01,3.21,0,1,0,1
2051,T022,0.700,0.555,0.616,3.12,3.28,0,0,1,1
2052,T022,0.717,0.508,0.606,3.23,3.47,1,0,0,0
2053,T022,0.733,0.510,0.526,3.17,3.31,0,1,0,1
2054,T022,0.750,0.390,0.386,3.59,3.42,0,1,0,1
2055,T022,0.767,0.411,0.527,3.09,3.12,1,0,0,0
2056,T022,0.783,0.531,0.534,3.17,3.18,0,0,1,1
2057,T022,0.800,0.285,0.281,3.24,3.41,0,1,0,1
2058,T022,0.817,0.605,0.505,2.87,3.08,0,1,0,1
2059,T022,0.833,0.366,0.558,3.57,3.16,0,1,0,1
2060,T022,0.850,0.618,0.359,3.37,3.38,0,1,0,1
2061,T022,0.867,0.444,0.466,3.32,3.11,0,1,0,1
2062,T022,0.883,0.496,0.489,3.14,3.49,0,1,0,1
2063,T022,0.900,0.418,0.481,3.57,3.33,0,0,1,1
2064,T022,0.917,0.493,0.484,3.21,3.34,0,1,0,1
2065,T022,0.933,0.474,0.395,3.38,3.46,0,1,0,1
2066,T022,0.950,0.545,0.504,3.32,3.08,0,1,0,1
2067,T022,0.967,0.594,0.453,3.57,3.45,0,1,0,1
2068,T022,0.983,0.479,0.506,3.25,3.53,0,1,0,1
2069,T022,1.000,0.455,0.501,3.67,3.11,0,1,0,1
2070,T022,1.017,0.476,0.470,3.50,3.27,0,0,1,1
2071,T022,1.033,0.516,0.620,3.56,3.38,0,0,1,1
2072,T022,1.050,0.511,0.556,3.42,3.18,0,1,0,1
2073,T022,1.067,0.496,0.537,3.52,3.34,0,1,0,1
2074,T022,1.083,0.576,0.452,3.46,3.59,0,1,0,1
2075,T022,1.100,0.511,0.360,3.26,3.50,0,1,0,1
2076,T022,1.117,0.512,0.493,3.03,3.52,0,1,0,1
2077,T022,1.133,0.535,0.488,3.28,3.17,0,0,1,1
2078,T022,1.150,0.564,0.504,3.05,3.14,0,1,0,1
2079,T022,1.167,0.443,0.432,3.29,3.20,0,1,0,1
2080,T022,1.183,0.700,0.503,3.61,3.02,1,0,0,0
2081,T022,1.200,0.600,0.582,3.93,3.38,0,1,0,1
2082,T022,1.217,0.527,0.565,3.12,3.49,0,1,0,1
2083,T022,1.233,0.503,0.429,3.20,3.48,0,1,0,1
2084,T022,1.250,0.581,0.601,3.09,3.29,0,1,0,1
2085,T022,1.267,0.668,0.469,3.53,3.09,0,1,0,1
2086,T022,1.283,0.597,0.539,2.97,3.43,0,1,0,1
2087,T022,1.300,0.373,0.389,3.40,3.07,0,1,0,1
2088,T022,1.317,0.562,0.529,3.45,3.40,0,1,0,1
2089,T022,1.333,0.449,0.589,3.27,3.04,0,0,1,1
2090,T022,1.350,0.471,0.724,3.15,3.19,0,1,0,1
2091,T022,1.367,0.454,0.521,3.65,3.26,0,1,0,1
2092,T022,1.383,0.507,0.432,3.22,3.41,0,1,0,1
2093,T022,1.400,0.463,0.553,3.39,3.59,0,1,0,1
2094,T022,1.417,0.446,0.588,3.17,3.61,0,1,0,1
2095,T022,1.433,0.515,0.473,3.27,3.47,0,1,0,1
2096,T022,1.450,0.395,0.433,3.14,3.24,0,0,1,1
2097,T022,1.467,0.358,0.611,3.08,3.44,0,1,0,1
2098,T022,1.483,0.473,0.579,3.32,3.25,0,1,0,1
2099,T022,1.500,0.596,0.371,3.37,3.08,0,0,1,1
2100,T022,1.517,0.499,0.523,3.03,3.14,0,1,0,1
2101,T022,1.533,0.564,0.389,3.28,3.15,1,0,0,0
2102,T022,1.550,0.494,0.472,3.44,3.45,0,1,0,1
2103,T022,1.567,0.571,0.396,3.59,3.47,0,0,1,1
2104,T022,1.583,0.447,0.414,3.63,3.28,0,1,0,1
2105,T022,1.600,0.666,0.436,3.52,3.23,0,1,0,1
2106,T022,1.617,0.407,0.538,3.29,3.29,0,1,0,1
2107,T022,1.633,0.444,0.617,3.35,3.29,0,0,1,1
2108,T022,1.650,0.465,0.442,3.29,3.41,0,1,0,1
2109,T022,1.667,0.402,0.403,3.25,3.60,0,1,0,1
2110,T022,1.683,0.432,0.470,3.17,3.28,0,0,1,1
2111,T022,1.700,0.389,0.533,3.21,3.27,0,0,1,1
2112,T022,1.717,0.325,0.360,3.24,3.45,0,1,0,1
2113,T022,1.733,0.584,0.461,3.14,2.96,0,1,0,1
2114,T022,1.750,0.445,0.514,3.11,3.41,0,1,0,1
2115,T022,1.767,0.477,0.510,3.10,3.15,0,1,0,1
2116,T022,1.783,0.540,0.558,2.94,3.46,0,1,0,1
2117,T022,1.800,0.420,0.460,3.26,3.08,0,1,0,1
2118,T022,1.817,0.547,0.349,3.07,3.30,0,1,0,1
2119,T022,1.833,0.491,0.467,3.14,3.28,0,1,0,1
2120,T022,1.850,0.512,0.614,3.61,3.58,0,0,1,1
2121,T022,1.867,0.419,0.449,3.61,2.78,0,1,0,1
2122,T022,1.883,0.364,0.549,3.26,3.41,0,1,0,1
2123,T022,1.900,0.446,0.665,3.25,3.14,0,1,0,1
2124,T022,1.917,0.582,0.576,3.02,3.24,0,1,0,1
2125,T022,1.933,0.493,0.509,3.36,3.15,0,0,1,1
2126,T022,1.950,0.644,0.369,3.15,3.52,0,1,0,1
2127,T022,1.967,0.534,0.545,3.30,3.46,0,0,1,1
2128,T022,1.983,0.368,0.512,3.00,3.34,0,0,1,0
2129,T022,2.000,0.513,0.535,3.72,3.33,0,0,1,1
2130,T022,2.017,0.543,0.586,3.21,3.35,0,1,0,1
2131,T022,2.033,0.451,0.485,3.36,3.02,0,0,1,1
2132,T022,2.050,0.630,0.525,3.54,3.51,0,0,1,1
2133,T022,2.067,0.392,0.580,3.23,3.41,0,1,0,1
2134,T022,2.083,0.466,0.404,3.55,3.24,0,1,0,1
2135,T022,2.100,0.583,0.500,3.48,3.42,0,0,1,1
2136,T022,2.117,0.396,0.541,3.44,3.39,0,1,0,1
2137,T022,2.133,0.462,0.470,3.18,3.36,0,1,0,0
2138,T022,2.150,0.385,0.417,3.00,3.40,0,1,0,1
2139,T022,2.167,0.574,0.538,3.11,3.32,0,1,0,1
2140,T022,2.183,0.533,0.555,3.41,3.36,0,1,0,1
2141,T022,2.200,0.505,0.640,3.40,3.59,0,1,0,1
2142,T022,2.217,0.432,0.623,3.58,3.30,0,1,0,1
2143,T022,2.233,0.411,0.657,3.36,3.25,0,0,1,1
2144,T022,2.250,0.449,0.427,3.61,2.85,0,1,0,0
2145,T022,2.267,0.403,0.348,3.03,3.17,0,1,0,1
2146,T022,2.283,0.470,0.540,3.34,3.36,0,1,0,1
2147,T022,2.300,0.413,0.466,3.55,3.31,0,1,0,1
2148,T022,2.317,0.459,0.481,3.26,3.01,0,0,1,1
2149,T022,2.333,0.426,0.542,3.24,3.26,0,1,0,1
2150,T022,2.350,0.573,0.415,3.22,3.35,0,0,1,1
2151,T022,2.367,0.447,0.453,3.27,3.30,0,1,0,1
2152,T022,2.383,0.612,0.563,2.91,3.26,0,0,1,1
2153,T022,2.400,0.514,0.485,3.29,3.16,0,1,0,1
2154,T022,2.417,0.416,0.498,3.14,3.19,0,1,0,1
2155,T022,2.433,0.582,0.413,3.74,3.14,0,1,0,1
2156,T022,2.450,0.529,0.617,3.33,3.41,0,0,1,1
2157,T022,2.467,0.533,0.458,3.15,3.13,0,1,0,1
2158,T022,2.483,0.505,0.688,3.38,3.48,0,1,0,1
2159,T022,2.500,0.494,0.440,3.22,3.32,0,1,0,1
2160,T022,2.517,0.388,0.480,3.44,3.49,0,0,1,1
2161,T022,2.533,0.507,0.395,3.45,3.29,0,1,0,1
2162,T022,2.550,0.689,0.373,3.32,3.31,0,1,0,1
2163,T022,2.567,0.490,0.619,3.39,2.87,0,0,1,1
2164,T022,2.583,0.483,0.520,3.12,3.73,0,1,0,1
2165,T022,2.600,0.460,0.496,3.56,3.47,0,0,1,1
2166,T022,2.617,0.410,0.373,2.92,3.55,0,0,1,1
2167,T022,2.633,0.546,0.534,3.67,3.36,0,1,0,1
2168,T022,2.650,0.491,0.400,3.37,3.37,0,1,0,1
2169,T022,2.667,0.475,0.525,3.26,3.32,1,0,0,0
2170,T022,2.683,0.543,0.502,3.07,3.29,0,0,1,1
2171,T022,2.700,0.321,0.569,3.34,3.01,0,1,0,1
2172,T022,2.717,0.521,0.571,3.26,3.37,0,0,1,1
2173,T022,2.733,0.404,0.474,3.33,3.26,0,1,0,1
2174,T022,2.750,0.339,0.517,3.45,3.19,0,1,0,1
2175,T022,2.767,0.432,0.378,2.95,3.51,0,1,0,1
2176,T022,2.783,0.522,0.501,3.49,3.26,0,0,1,1
2177,T022,2.800,0.343,0.669,3.41,3.47,0,1,0,1
2178,T022,2.817,0.480,0.367,3.62,3.39,0,1,0,1
2179,T022,2.833,0.587,0.448,3.46,3.39,0,1,0,1
2180,T022,2.850,0.629,0.597,3.40,3.27,1,0,0,0
2181,T022,2.867,0.477,0.585,3.62,3.27,0,1,0,1
2182,T022,2.883,0.489,0.645,3.51,3.43,0,1,0,1
2183,T022,2.900,0.471,0.520,3.33,3.62,0,1,0,1
2184,T022,2.917,0.436,0.523,3.08,3.38,1,0,0,0
2185,T022,2.933,0.588,0.539,2.76,3.23,0,1,0,1
2186,T022,2.950,0.351,0.494,3.00,3.23,0,1,0,1
2187,T022,2.967,0.639,0.500,3.06,3.63,0,1,0,1
2188,T022,2.983,0.548,0.551,3.47,3.18,0,1,0,1
2189,T022,3.000,0.669,0.483,3.33,3.33,0,0,1,1
2190,T022,3.017,0.372,0.611,3.61,3.24,0,1,0,1
2191,T022,3.033,0.462,0.473,3.45,3.09,0,0,1,1
2192,T022,3.050,0.525,0.522,3.25,3.38,0,1,0,1
2193,T022,3.067,0.455,0.593,3.30,2.88,0,1,0,1
2194,T022,3.083,0.387,0.557,3.41,3.36,0,1,0,1
2195,T022,3.100,0.511,0.585,3.23,3.30,0,1,0,0
2196,T022,3.117,0.618,0.402,3.04,3.29,0,1,0,1
2197,T022,3.133,0.566,0.393,3.38,3.42,0,0,1,1
2198,T022,3.150,0.521,0.567,3.38,3.20,0,1,0,1
2199,T022,3.167,0.454,0.498,3.45,3.02,0,0,1,1
2200,T022,3.183,0.423,0.392,3.40,3.25,0,1,0,1
2201,T022,3.200,0.580,0.635,3.37,3.42,0,1,0,1
2202,T022,3.217,0.446,0.496,3.45,3.28,0,0,1,1
2203,T022,3.233,0.329,0.527,3.34,3.26,0,1,0,1
2204,T022,3.250,0.570,0.533,3.61,3.16,0,1,0,1
2205,T022,3.267,0.511,0.593,3.55,3.22,0,1,0,1
2206,T022,3.283,0.534,0.474,3.36,3.28,0,1,0,1
2207,T022,3.300,0.493,0.542,2.88,3.38,0,1,0,1
2208,T022,3.317,0.430,0.530,3.59,3.04,0,0,1,1
2209,T022,3.333,0.602,0.447,3.47,3.33,0,1,0,1
2210,T022,3.350,0.623,0.457,3.12,3.38,0,0,1,1
2211,T022,3.367,0.343,0.608,3.37,3.44,0,1,0,1
2212,T022,3.383,0.521,0.619,3.17,3.18,0,1,0,1
2213,T022,3.400,0.479,0.546,3.39,2.88,0,0,1,1
2214,T022,3.417,0.437,0.476,3.44,3.13,0,1,0,1
2215,T022,3.433,0.506,0.616,3.44,3.42,0,1,0,1
2216,T022,3.450,0.546,0.540,3.21,3.12,0,0,1,1
2217,T022,3.467,0.390,0.394,3.29,3.33,0,1,0,1
2218,T022,3.483,0.451,0.461,3.45,3.35,0,1,0,1
2219,T022,3.500,0.487,0.463,3.12,3.48,0,1,0,1
2220,T022,3.517,0.737,0.429,3.41,3.31,0,1,0,1
2221,T022,3.533,0.540,0.392,3.50,3.44,0,1,0,1
2222,T022,3.550,0.433,0.636,3.58,3.26,0,1,0,1
2223,T022,3.567,0.550,0.571,3.22,3.20,0,1,0,1
2224,T022,3.583,0.447,0.389,3.10,3.52,0,1,0,1
2225,T022,3.600,0.509,0.549,3.45,3.33,0,1,0,1
2226,T022,3.617,0.605,0.496,3.38,3.39,0,1,0,1
2227,T022,3.633,0.509,0.417,3.57,3.28,0,1,0,1
2228,T022,3.650,0.574,0.519,2.95,3.19,0,1,0,1
2229,T022,3.667,0.529,0.458,3.20,3.46,0,1,0,1
2230,T023,0.000,0.672,0.537,3.27,3.43,0,1,0,1
2231,T023,0.017,0.622,0.437,3.44,3.39,0,1,0,1
2232,T023,0.033,0.515,0.471,3.61,3.54,0,0,1,1
2233,T023,0.050,0.420,0.542,3.76,3.14,0,1,0,1
2234,T023,0.067,0.503,0.470,3.22,3.15,0,1,0,1
2235,T023,0.083,0.493,0.615,3.50,3.05,0,1,0,1
2236,T023,0.100,0.458,0.460,3.28,3.37,1,0,0,0
2237,T023,0.117,0.550,0.541,3.40,3.41,0,1,0,1
2238,T023,0.133,0.509,0.560,3.04,3.48,0,0,1,1
2239,T023,0.150,0.567,0.625,3.17,3.18,0,1,0,1
2240,T023,0.167,0.579,0.527,3.24,3.26,0,1,0,1
2241,T023,0.183,0.539,0.310,3.51,3.16,0,1,0,1
2242,T023,0.200,0.438,0.480,3.56,2.99,0,1,0,1
2243,T023,0.217,0.373,0.440,3.55,3.29,0,1,0,1
2244,T023,0.233,0.332,0.549,3.13,3.48,0,0,1,1
2245,T023,0.250,0.469,0.451,3.14,3.13,0,1,0,1
2246,T023,0.267,0.520,0.523,3.32,3.36,0,1,0,1
2247,T023,0.283,0.400,0.572,3.21,3.16,0,0,1,1
2248,T023,0.300,0.495,0.561,3.50,3.25,0,1,0,1
2249,T023,0.317,0.274,0.571,2.77,3.50,0,1,0,1
2250,T023,0.333,0.525,0.443,3.11,3.55,0,0,1,1
2251,T023,0.350,0.367,0.498,3.17,3.34,0,0,1,1
2252,T023,0.367,0.547,0.564,3.29,3.21,0,1,0,1
2253,T023,0.383,0.487,0.643,3.43,3.46,0,1,0,1
2254,T023,0.400,0.595,0.562,3.29,3.31,0,1,0,1
2255,T023,0.417,0.564,0.569,3.42,3.11,0,0,1,1
2256,T023,0.433,0.493,0.479,3.16,3.16,0,1,0,1
2257,T023,0.450,0.277,0.371,3.24,3.50,0,1,0,1
2258,T023,0.467,0.522,0.478,3.57,2.92,0,1,0,1
2259,T023,0.483,0.530,0.502,3.44,3.73,0,1,0,1
2260,T023,0.500,0.473,0.579,3.22,3.34,0,1,0,1
2261,T023,0.517,0.476,0.584,3.23,3.24,0,0,1,1
2262,T023,0.533,0.581,0.393,3.47,3.24,0,1,0,1
2263,T023,0.550,0.524,0.431,3.01,3.02,0,1,0,1
2264,T023,0.567,0.653,0.414,3.30,3.40,0,1,0,1
2265,T023,0.583,0.461,0.431,3.46,3.59,0,1,0,1
2266,T023,0.600,0.473,0.477,3.03,3.62,0,1,0,1
2267,T023,0.617,0.444,0.461,3.41,3.31,0,0,1,1
2268,T023,0.633,0.433,0.545,3.37,2.94,0,1,0,1
2269,T023,0.650,0.450,0.499,3.40,3.53,0,1,0,1
2270,T023,0.667,0.514,0.525,3.44,3.13,0,1,0,1
2271,T023,0.683,0.552,0.597,3.14,3.25,0,1,0,1
2272,T023,0.700,0.614,0.619,3.28,2.94,0,1,0,1
2273,T023,0.717,0.626,0.464,3.15,3.51,0,1,0,1
2274,T023,0.733,0.300,0.441,3.48,3.33,0,1,0,1
2275,T023,0.750,0.603,0.499,3.37,3.65,0,1,0,1
2276,T023,0.767,0.570,0.440,3.44,3.70,0,0,1,1
2277,T023,0.783,0.487,0.518,3.12,3.34,0,0,1,0
2278,T023,0.800,0.641,0.544,3.40,3.41,0,0,1,1
2279,T023,0.817,0.442,0.469,3.08,3.28,0,1,0,1
2280,T023,0.833,0.526,0.522,3.14,3.37,0,1,0,1
2281,T023,0.850,0.447,0.720,3.20,3.51,0,0,1,1
2282,T023,0.867,0.427,0.448,3.38,2.89,0,1,0,1
2283,T023,0.883,0.427,0.630,3.38,3.18,0,0,1,1
2284,T023,0.900,0.484,0.490,3.28,3.20,0,1,0,1
2285,T023,0.917,0.523,0.565,3.52,3.53,0,1,0,1
2286,T023,0.933,0.566,0.531,3.49,3.46,0,1,0,1
2287,T023,0.950,0.256,0.572,3.42,3.19,0,1,0,1
2288,T023,0.967,0.633,0.510,3.22,3.23,0,0,1,1
2289,T023,0.983,0.580,0.632,3.51,3.41,0,0,1,1
2290,T023,1.000,0.524,0.586,3.11,3.22,0,1,0,1
2291,T023,1.017,0.605,0.531,3.24,2.96,0,1,0,1
2292,T023,1.033,0.532,0.552,3.00,3.34,0,0,1,1
2293,T023,1.050,0.425,0.584,3.17,3.41,0,1,0,1
2294,T023,1.067,0.477,0.681,3.14,3.14,0,0,1,1
2295,T023,1.083,0.617,0.503,3.19,3.18,0,0,1,1
2296,T023,1.100,0.552,0.441,3.54,3.16,0,1,0,1
2297,T023,1.117,0.546,0.563,3.34,3.62,0,0,1,1
2298,T023,1.133,0.325,0.532,3.63,3.34,0,0,1,1
2299,T023,1.150,0.488,0.383,3.51,3.32,0,1,0,1
2300,T023,1.167,0.717,0.483,3.19,3.39,0,1,0,1
2301,T023,1.183,0.461,0.485,3.31,3.38,0,1,0,1
2302,T023,1.200,0.606,0.527,3.40,2.98,0,0,1,1
2303,T023,1.217,0.601,0.411,3.31,3.57,0,0,1,1
2304,T023,1.233,0.543,0.708,3.30,3.45,0,1,0,1
2305,T023,1.250,0.444,0.413,3.30,3.40,0,0,1,1
2306,T023,1.267,0.463,0.505,3.04,3.48,0,1,0,1
2307,T023,1.283,0.456,0.449,3.15,3.11,0,1,0,1
2308,T023,1.300,0.578,0.621,3.35,3.10,0,1,0,1
2309,T023,1.317,0.519,0.497,3.42,3.14,0,1,0,1
2310,T023,1.333,0.356,0.593,3.40,3.25,0,1,0,1
2311,T023,1.350,0.490,0.467,3.45,3.35,0,0,1,1
2312,T023,1.367,0.454,0.511,3.29,3.24,0,1,0,1
2313,T023,1.383,0.434,0.537,3.32,3.29,0,0,1,1
2314,T023,1.400,0.452,0.497,3.08,3.30,0,1,0,1
2315,T023,1.417,0.435,0.502,3.24,2.98,0,1,0,1
2316,T023,1.433,0.717,0.590,3.26,3.09,0,1,0,1
2317,T023,1.450,0.354,0.435,3.31,3.12,0,0,1,1
2318,T023,1.467,0.497,0.524,3.06,3.16,0,1,0,1
2319,T023,1.483,0.513,0.601,3.23,3.51,0,1,0,1
2320,T023,1.500,0.558,0.594,3.37,2.98,0,1,0,1
2321,T023,1.517,0.570,0.291,3.32,3.32,0,1,0,0
2322,T023,1.533,0.404,0.402,3.41,3.24,0,1,0,1
2323,T023,1.550,0.478,0.529,3.36,3.13,0,0,1,1
2324,T023,1.567,0.566,0.637,3.50,3.03,0,1,0,1
2325,T023,1.583,0.497,0.579,3.25,3.46,0,0,1,1
2326,T023,1.600,0.487,0.558,3.11,3.55,0,0,1,1
2327,T023,1.617,0.467,0.411,3.28,3.29,0,1,0,1
2328,T024,0.000,0.372,0.568,3.38,3.29,0,1,0,1
2329,T024,0.017,0.509,0.516,3.21,3.18,0,1,0,1
2330,T024,0.033,0.518,0.549,2.93,3.23,0,0,1,1
2331,T024,0.050,0.473,0.479,3.21,3.43,0,1,0,1
2332,T024,0.067,0.464,0.431,3.28,3.35,0,1,0,1
2333,T024,0.083,0.601,0.404,2.95,3.34,0,1,0,1
2334,T024,0.100,0.492,0.549,3.19,3.38,0,1,0,1
2335,T024,0.117,0.449,0.477,3.46,3.31,0,0,1,1
2336,T024,0.133,0.467,0.578,3.46,3.19,0,1,0,1
2337,T024,0.150,0.641,0.427,3.45,3.19,0,0,1,1
2338,T024,0.167,0.505,0.494,3.67,3.15,0,1,0,1
2339,T024,0.183,0.676,0.467,3.12,3.28,0,1,0,1
2340,T024,0.200,0.383,0.429,3.30,3.06,0,0,1,1
2341,T024,0.217,0.475,0.738,3.19,3.17,0,1,0,1
2342,T024,0.233,0.711,0.496,3.16,2.93,0,1,0,1
2343,T024,0.250,0.535,0.559,3.24,3.20,0,1,0,1
2344,T024,0.267,0.504,0.550,3.39,3.64,0,1,0,1
2345,T024,0.283,0.497,0.424,3.17,3.15,0,0,1,1
2346,T024,0.300,0.593,0.452,3.37,3.30,0,1,0,1
2347,T024,0.317,0.652,0.483,3.03,3.28,0,1,0,1
2348,T024,0.333,0.465,0.433,2.88,3.48,0,1,0,1
2349,T024,0.350,0.471,0.448,3.30,3.17,0,0,1,1
2350,T024,0.367,0.426,0.457,3.33,3.21,0,1,0,1
2351,T024,0.383,0.413,0.532,3.14,3.46,0,0,1,1
2352,T024,0.400,0.690,0.360,3.51,3.48,0,0,1,1
2353,T024,0.417,0.594,0.480,3.32,3.16,0,1,0,1
2354,T024,0.433,0.331,0.625,3.31,3.45,0,1,0,1
2355,T024,0.450,0.403,0.501,3.41,2.87,0,0,1,1
2356,T024,0.467,0.421,0.417,3.10,3.03,0,0,1,1
2357,T024,0.483,0.408,0.362,3.35,3.46,0,1,0,1
2358,T024,0.500,0.488,0.460,3.25,3.07,0,1,0,1
2359,T024,0.517,0.460,0.562,3.26,3.40,0,0,1,1
2360,T024,0.533,0.564,0.483,3.14,3.22,0,1,0,1
2361,T024,0.550,0.470,0.689,3.08,3.20,0,1,0,1
2362,T024,0.567,0.490,0.541,3.51,3.14,0,1,0,1
2363,T024,0.583,0.523,0.527,3.24,3.23,0,0,1,1
2364,T024,0.600,0.503,0.493,3.30,3.17,0,1,0,1
2365,T024,0.617,0.329,0.603,3.28,3.13,0,1,0,1
2366,T024,0.633,0.376,0.464,3.89,3.35,0,1,0,1
2367,T024,0.650,0.441,0.406,3.21,3.33,0,1,0,1
2368,T024,0.667,0.557,0.495,2.94,3.19,0,0,1,1
2369,T024,0.683,0.491,0.614,3.40,3.61,0,1,0,1
2370,T024,0.700,0.630,0.495,3.53,2.97,0,1,0,1
2371,T024,0.717,0.559,0.620,3.13,3.31,0,1,0,1
2372,T024,0.733,0.428,0.536,3.37,3.25,0,1,0,1
2373,T024,0.750,0.581,0.387,3.47,3.07,0,1,0,1
2374,T024,0.767,0.413,0.378,3.30,2.98,0,0,1,1
2375,T024,0.783,0.460,0.524,3.38,3.24,0,1,0,1
2376,T024,0.800,0.536,0.495,3.31,3.08,0,1,0,1
2377,T024,0.817,0.572,0.471,3.36,3.23,0,0,1,1
2378,T024,0.833,0.568,0.531,3.25,3.07,0,1,0,1
2379,T024,0.850,0.635,0.516,3.21,3.57,0,0,1,1
2380,T024,0.867,0.540,0.594,3.68,3.06,0,1,0,1
2381,T024,0.883,0.497,0.604,3.11,3.35,0,1,0,1
2382,T024,0.900,0.623,0.562,3.40,3.08,0,0,1,1
2383,T024,0.917,0.264,0.519,2.88,3.27,0,1,0,1
2384,T024,0.933,0.618,0.546,3.45,3.30,0,1,0,1
2385,T024,0.950,0.395,0.437,3.36,3.71,0,1,0,1
2386,T024,0.967,0.470,0.570,3.36,3.54,0,1,0,1
2387,T024,0.983,0.518,0.531,2.95,3.24,0,0,1,1
2388,T024,1.000,0.569,0.445,3.05,3.52,0,0,1,1
2389,T024,1.017,0.357,0.583,3.42,3.25,0,1,0,1
2390,T024,1.033,0.593,0.508,3.20,3.19,0,0,1,1
2391,T024,1.050,0.450,0.538,3.28,3.15,0,1,0,1
2392,T024,1.067,0.544,0.470,3.35,3.31,0,1,0,1
2393,T024,1.083,0.598,0.464,2.83,3.38,0,0,1,1
2394,T024,1.100,0.705,0.487,3.34,3.17,0,0,1,1
2395,T024,1.117,0.393,0.585,3.32,3.36,0,1,0,1
2396,T024,1.133,0.476,0.549,3.32,3.36,0,1,0,1
2397,T024,1.150,0.535,0.409,3.15,3.50,0,1,0,1
2398,T024,1.167,0.598,0.528,3.36,3.06,0,1,0,1
2399,T024,1.183,0.452,0.553,3.06,3.44,0,1,0,1
2400,T024,1.200,0.501,0.480,3.36,3.22,0,1,0,1
2401,T024,1.217,0.535,0.402,3.05,3.43,0,1,0,1
2402,T024,1.233,0.544,0.427,3.39,3.11,0,1,0,1
2403,T024,1.250,0.537,0.620,3.36,3.55,0,1,0,1
2404,T024,1.267,0.564,0.451,3.30,3.46,0,0,1,1
2405,T024,1.283,0.660,0.532,3.15,3.12,0,1,0,1
2406,T024,1.300,0.508,0.520,3.45,3.50,0,1,0,1
2407,T024,1.317,0.492,0.465,3.18,3.15,0,0,1,1
2408,T024,1.333,0.454,0.527,3.46,3.39,0,1,0,1
2409,T024,1.350,0.632,0.481,3.86,3.27,0,1,0,1
2410,T024,1.367,0.579,0.573,3.19,3.35,0,1,0,1
2411,T024,1.383,0.415,0.640,3.57,3.31,1,0,0,0
2412,T024,1.400,0.573,0.487,3.46,3.65,0,0,1,1
2413,T024,1.417,0.622,0.487,3.41,3.27,0,1,0,1
2414,T024,1.433,0.525,0.501,3.27,3.36,0,1,0,1
2415,T024,1.450,0.458,0.581,3.21,3.27,0,1,0,1
2416,T024,1.467,0.580,0.582,2.97,3.41,0,1,0,1
2417,T024,1.483,0.469,0.652,3.16,2.95,0,0,1,1
2418,T024,1.500,0.292,0.371,3.25,3.23,0,1,0,1
2419,T024,1.517,0.643,0.580,3.26,2.69,0,1,0,1
2420,T024,1.533,0.420,0.464,3.46,3.17,0,0,1,1
2421,T024,1.550,0.416,0.627,3.58,3.37,0,1,0,1
2422,T024,1.567,0.597,0.479,3.33,3.06,0,0,1,1
2423,T024,1.583,0.553,0.466,3.19,3.45,0,1,0,1
2424,T024,1.600,0.608,0.457,3.17,3.28,0,1,0,1
2425,T024,1.617,0.494,0.518,3.40,3.47,0,1,0,1
2426,T024,1.633,0.667,0.481,3.24,3.30,0,0,1,1
2427,T024,1.650,0.411,0.541,3.08,3.07,0,1,0,1
2428,T024,1.667,0.657,0.565,3.05,3.29,0,0,1,1
2429,T024,1.683,0.215,0.570,3.10,3.43,0,1,0,0
2430,T024,1.700,0.456,0.508,3.44,3.53,0,1,0,1
2431,T024,1.717,0.475,0.338,3.55,3.35,0,1,0,1
2432,T024,1.733,0.458,0.693,3.24,3.42,0,1,0,1
2433,T024,1.750,0.425,0.414,3.41,3.84,0,1,0,1
2434,T024,1.767,0.474,0.570,3.75,3.47,0,1,0,1
2435,T024,1.783,0.439,0.602,3.51,3.30,0,1,0,1
2436,T024,1.800,0.459,0.530,3.22,3.47,0,1,0,1
2437,T024,1.817,0.591,0.593,3.40,3.51,0,1,0,1
2438,T024,1.833,0.473,0.559,3.34,3.49,0,1,0,1
2439,T024,1.850,0.616,0.462,3.08,3.51,0,1,0,1
2440,T024,1.867,0.583,0.572,3.20,3.20,0,1,0,1
2441,T024,1.883,0.383,0.493,3.24,3.46,0,0,1,1
2442,T024,1.900,0.347,0.494,3.59,3.38,0,0,1,1
2443,T024,1.917,0.421,0.430,3.57,3.06,0,1,0,1
2444,T024,1.933,0.433,0.563,3.04,3.35,0,1,0,0
2445,T024,1.950,0.593,0.563,3.57,3.01,0,1,0,1
2446,T024,1.967,0.507,0.406,3.40,3.25,0,0,1,1
2447,T024,1.983,0.599,0.279,2.91,3.32,0,1,0,1
2448,T024,2.000,0.478,0.530,3.22,3.27,0,0,1,1
2449,T024,2.017,0.556,0.502,3.26,3.06,0,1,0,1
2450,T024,2.033,0.441,0.448,3.31,3.21,0,0,1,1
2451,T024,2.050,0.610,0.545,3.64,3.48,0,0,1,1
2452,T024,2.067,0.458,0.552,3.26,3.42,0,1,0,1
2453,T025,0.000,0.491,0.359,3.19,3.27,0,1,0,1
2454,T025,0.017,0.504,0.452,3.28,3.31,0,0,1,1
2455,T025,0.033,0.470,0.517,3.35,3.58,0,1,0,1
2456,T025,0.050,0.513,0.448,3.06,3.17,0,0,1,1
2457,T025,0.067,0.523,0.397,3.26,3.21,0,1,0,1
2458,T025,0.083,0.275,0.422,3.12,3.30,0,0,1,1
2459,T025,0.100,0.346,0.588,3.43,3.61,0,1,0,1
2460,T025,0.117,0.578,0.490,3.24,3.63,0,1,0,1
2461,T025,0.133,0.606,0.395,3.07,3.40,0,1,0,1
2462,T025,0.150,0.399,0.465,3.28,3.20,0,0,1,1
2463,T025,0.167,0.509,0.423,3.48,3.12,0,1,0,1
2464,T025,0.183,0.496,0.656,3.39,3.39,0,1,0,1
2465,T025,0.200,0.372,0.454,3.12,3.34,0,0,1,1
2466,T025,0.217,0.385,0.386,3.37,3.23,0,0,1,1
2467,T025,0.233,0.397,0.421,3.31,3.51,0,1,0,1
2468,T025,0.250,0.404,0.526,3.27,3.29,0,1,0,1
2469,T025,0.267,0.544,0.418,3.12,3.43,0,1,0,1
2470,T025,0.283,0.513,0.549,3.40,3.33,0,1,0,1
2471,T025,0.300,0.477,0.595,3.28,3.42,0,1,0,1
2472,T025,0.317,0.543,0.456,3.36,3.49,0,0,1,1
2473,T025,0.333,0.505,0.393,3.32,3.38,1,0,0,0
2474,T025,0.350,0.583,0.484,3.13,3.11,0,1,0,1
2475,T025,0.367,0.371,0.440,3.54,3.08,0,0,1,1
2476,T025,0.383,0.489,0.500,3.45,3.02,0,1,0,1
2477,T025,0.400,0.579,0.578,3.16,3.39,0,1,0,1
2478,T025,0.417,0.548,0.532,3.39,3.06,0,1,0,1
2479,T025,0.433,0.546,0.599,3.53,3.36,0,1,0,1
2480,T025,0.450,0.412,0.501,3.27,3.24,0,1,0,1
2481,T025,0.467,0.452,0.454,3.15,3.30,0,1,0,1
2482,T025,0.483,0.482,0.590,3.17,3.37,0,1,0,1
2483,T025,0.500,0.518,0.526,3.15,3.34,0,0,1,1
2484,T025,0.517,0.464,0.500,2.95,3.13,0,1,0,1
2485,T025,0.533,0.377,0.525,3.39,3.22,0,1,0,1
2486,T025,0.550,0.567,0.492,3.03,3.26,0,1,0,1
2487,T025,0.567,0.591,0.389,3.41,3.33,0,0,1,1
2488,T025,0.583,0.321,0.500,3.47,3.15,0,1,0,1
2489,T025,0.600,0.526,0.608,3.12,3.33,0,1,0,1
2490,T025,0.617,0.522,0.459,3.21,3.38,0,0,1,1
2491,T025,0.633,0.620,0.532,3.25,3.52,0,0,1,1
2492,T025,0.650,0.492,0.482,3.01,3.21,0,1,0,1
2493,T025,0.667,0.646,0.460,2.91,3.37,0,1,0,1
2494,T025,0.683,0.522,0.475,3.23,3.60,0,0,1,1
2495,T025,0.700,0.413,0.537,3.27,3.03,0,1,0,1
2496,T025,0.717,0.555,0.529,3.21,3.17,0,1,0,1
2497,T025,0.733,0.426,0.423,2.86,3.40,1,0,0,0
2498,T025,0.750,0.461,0.474,3.31,3.43,0,1,0,1
2499,T025,0.767,0.523,0.407,3.37,3.33,0,1,0,1
2500,T025,0.783,0.381,0.666,3.33,3.62,0,0,1,1
2501,T025,0.800,0.387,0.437,3.23,3.03,0,1,0,1
2502,T025,0.817,0.435,0.625,3.23,3.22,0,1,0,1
2503,T025,0.833,0.544,0.458,3.67,3.29,0,1,0,1
2504,T025,0.850,0.524,0.483,3.47,2.91,0,1,0,1
2505,T025,0.867,0.503,0.523,3.51,3.17,0,1,0,1
2506,T025,0.883,0.492,0.653,3.44,3.41,0,1,0,1
2507,T025,0.900,0.412,0.537,3.38,3.23,0,0,1,1
2508,T025,0.917,0.676,0.691,3.01,2.71,0,1,0,1
2509,T025,0.933,0.544,0.586,3.36,3.25,0,0,1,1
2510,T025,0.950,0.574,0.400,3.30,3.02,0,1,0,1
2511,T025,0.967,0.412,0.561,3.29,3.31,0,1,0,1
2512,T025,0.983,0.553,0.575,3.27,3.07,0,1,0,1
2513,T025,1.000,0.494,0.466,3.46,3.26,0,1,0,1
2514,T025,1.017,0.563,0.416,3.21,3.38,0,0,1,1
2515,T025,1.033,0.403,0.568,3.45,3.07,0,1,0,1
2516,T025,1.050,0.469,0.471,3.42,3.43,0,1,0,0
2517,T025,1.067,0.444,0.518,3.33,3.48,0,1,0,1
2518,T025,1.083,0.488,0.499,3.43,3.08,0,1,0,1
2519,T025,1.100,0.406,0.398,3.40,3.37,0,1,0,1
2520,T025,1.117,0.460,0.447,3.25,3.64,0,1,0,1
2521,T025,1.133,0.615,0.502,3.60,3.08,0,1,0,1
2522,T025,1.150,0.390,0.598,3.35,3.20,0,0,1,1
2523,T025,1.167,0.575,0.473,3.50,3.30,0,1,0,1
2524,T025,1.183,0.597,0.470,3.24,3.20,0,1,0,1
2525,T025,1.200,0.525,0.484,3.06,2.89,0,1,0,1
2526,T025,1.217,0.521,0.456,3.41,3.07,0,1,0,1
2527,T025,1.233,0.546,0.478,3.39,3.25,0,1,0,1
2528,T025,1.250,0.453,0.567,3.18,3.06,0,1,0,1
2529,T025,1.267,0.626,0.567,3.18,3.30,0,1,0,1
2530,T025,1.283,0.498,0.464,2.96,3.62,0,1,0,1
2531,T025,1.300,0.542,0.433,3.44,3.37,0,1,0,1
2532,T025,1.317,0.510,0.471,3.28,3.27,0,0,1,1
2533,T025,1.333,0.455,0.415,3.22,3.04,0,1,0,1
2534,T025,1.350,0.471,0.567,3.56,3.28,0,1,0,1
2535,T025,1.367,0.211,0.665,3.25,3.23,0,1,0,1
2536,T025,1.383,0.580,0.375,3.36,3.34,0,0,1,1
2537,T025,1.400,0.524,0.592,3.37,3.45,0,1,0,1
2538,T025,1.417,0.469,0.428,3.47,3.28,0,0,1,1
2539,T025,1.433,0.428,0.581,3.24,3.18,0,1,0,1
2540,T025,1.450,0.274,0.466,3.27,3.50,0,1,0,1
2541,T025,1.467,0.594,0.521,3.29,3.14,0,1,0,1
2542,T025,1.483,0.562,0.537,3.59,3.38,0,1,0,1
2543,T025,1.500,0.527,0.427,3.51,3.02,0,1,0,1
2544,T025,1.517,0.556,0.545,2.91,3.14,0,1,0,1
2545,T025,1.533,0.546,0.301,3.05,3.41,0,0,1,1
2546,T025,1.550,0.490,0.411,3.33,3.33,0,1,0,1
2547,T025,1.567,0.637,0.627,3.43,3.66,0,1,0,1
2548,T025,1.583,0.508,0.328,3.14,3.02,0,1,0,1
2549,T025,1.600,0.412,0.576,3.20,3.56,0,1,0,1
2550,T025,1.617,0.590,0.416,3.47,3.73,0,1,0,1
2551,T025,1.633,0.481,0.537,3.62,3.10,0,1,0,1
2552,T025,1.650,0.616,0.439,3.21,3.32,0,1,0,1
2553,T025,1.667,0.398,0.423,3.38,3.44,0,1,0,1
2554,T025,1.683,0.584,0.661,3.39,3.29,0,0,1,1
2555,T025,1.700,0.509,0.526,3.41,3.20,0,1,0,1
2556,T025,1.717,0.502,0.534,3.20,3.38,0,0,1,1
2557,T025,1.733,0.538,0.415,3.38,3.18,0,0,1,1
2558,T025,1.750,0.522,0.648,3.15,3.26,1,0,0,0
2559,T025,1.767,0.485,0.614,3.28,3.39,0,0,1,1
2560,T025,1.783,0.480,0.480,3.50,3.30,0,1,0,1
2561,T025,1.800,0.505,0.595,3.42,3.55,0,1,0,0
2562,T025,1.817,0.497,0.365,3.56,3.58,0,1,0,1
2563,T025,1.833,0.515,0.591,2.84,3.49,0,1,0,1
2564,T025,1.850,0.424,0.411,3.37,2.97,0,1,0,1
2565,T025,1.867,0.480,0.570,3.31,3.29,0,0,1,1
2566,T025,1.883,0.512,0.457,3.24,3.14,0,1,0,1
2567,T025,1.900,0.444,0.491,3.19,2.96,1,0,0,0
2568,T025,1.917,0.578,0.483,2.88,3.63,0,1,0,1
2569,T025,1.933,0.529,0.644,3.75,3.54,0,1,0,1
2570,T025,1.950,0.556,0.520,3.43,3.25,0,1,0,1
2571,T025,1.967,0.478,0.506,3.31,3.03,0,1,0,1
2572,T025,1.983,0.457,0.505,3.31,3.23,0,1,0,1
2573,T025,2.000,0.741,0.572,3.39,3.15,0,1,0,1
2574,T025,2.017,0.415,0.479,3.21,3.51,0,1,0,1
2575,T025,2.033,0.538,0.483,3.76,3.68,0,1,0,1
2576,T025,2.050,0.592,0.475,3.40,3.17,0,1,0,1
2577,T025,2.067,0.471,0.509,3.41,2.94,0,0,1,1
2578,T025,2.083,0.462,0.510,3.32,3.40,0,1,0,1
2579,T025,2.100,0.431,0.537,3.39,3.45,0,1,0,1
2580,T025,2.117,0.375,0.537,3.52,3.44,0,0,1,1
2581,T025,2.133,0.488,0.574,3.17,3.57,0,0,1,1
2582,T025,2.150,0.636,0.454,3.35,3.29,0,1,0,1
2583,T025,2.167,0.444,0.568,3.27,3.07,0,1,0,1
2584,T025,2.183,0.388,0.530,3.16,3.34,0,1,0,1
2585,T025,2.200,0.532,0.336,3.30,3.70,0,1,0,1
2586,T025,2.217,0.421,0.565,3.30,3.52,0,1,0,1
2587,T025,2.233,0.599,0.560,3.07,3.25,0,1,0,1
2588,T025,2.250,0.431,0.562,3.39,3.41,0,0,1,1
2589,T025,2.267,0.419,0.452,3.25,3.39,1,0,0,0
2590,T025,2.283,0.466,0.534,3.30,3.28,0,1,0,1
2591,T025,2.300,0.445,0.455,3.34,3.19,0,1,0,1
2592,T026,0.000,0.563,0.494,3.39,3.46,0,0,1,1
2593,T026,0.017,0.537,0.485,3.84,3.50,0,1,0,1
2594,T026,0.033,0.364,0.530,3.28,3.32,0,1,0,1
2595,T026,0.050,0.561,0.455,3.27,3.19,0,0,1,1
2596,T026,0.067,0.530,0.594,3.56,3.31,0,1,0,1
2597,T026,0.083,0.554,0.450,2.97,3.20,0,1,0,1
2598,T026,0.100,0.438,0.612,3.18,3.43,0,1,0,1
2599,T026,0.117,0.535,0.507,3.16,3.29,0,1,0,1
2600,T026,0.133,0.396,0.544,3.40,3.07,0,1,0,1
2601,T026,0.150,0.240,0.510,3.56,3.07,0,1,0,1
2602,T026,0.167,0.454,0.407,3.30,3.40,0,1,0,1
2603,T026,0.183,0.594,0.455,3.17,3.14,0,1,0,1
2604,T026,0.200,0.529,0.535,3.26,3.07,0,1,0,1
2605,T026,0.217,0.385,0.506,3.43,3.14,0,1,0,1
2606,T026,0.233,0.366,0.507,3.40,3.11,0,1,0,1
2607,T026,0.250,0.547,0.354,3.35,3.20,0,1,0,1
2608,T026,0.267,0.559,0.485,3.11,3.42,0,0,1,1
2609,T026,0.283,0.392,0.541,3.05,3.58,0,1,0,1
2610,T026,0.300,0.532,0.562,3.40,3.26,0,1,0,0
2611,T026,0.317,0.410,0.445,3.37,3.36,0,1,0,1
2612,T026,0.333,0.478,0.483,3.29,3.55,0,1,0,1
2613,T026,0.350,0.538,0.548,3.12,3.30,0,1,0,1
2614,T026,0.367,0.467,0.513,3.45,3.49,0,1,0,1
2615,T026,0.383,0.641,0.465,3.44,3.32,0,1,0,1
2616,T026,0.400,0.512,0.417,3.35,3.35,0,1,0,1
2617,T026,0.417,0.641,0.530,3.30,3.37,0,0,1,1
2618,T026,0.433,0.432,0.392,3.26,3.16,0,1,0,1
2619,T026,0.450,0.512,0.461,3.16,3.55,0,0,1,1
2620,T026,0.467,0.504,0.574,3.20,2.89,0,0,1,1
2621,T026,0.483,0.461,0.342,3.01,3.18,0,1,0,1
2622,T026,0.500,0.682,0.549,3.34,3.28,0,0,1,1
2623,T026,0.517,0.472,0.572,3.40,3.25,0,1,0,1
2624,T026,0.533,0.512,0.511,3.19,3.49,0,1,0,1
2625,T026,0.550,0.406,0.538,3.30,3.36,0,0,1,1
2626,T026,0.567,0.415,0.491,3.37,3.37,0,0,1,1
2627,T026,0.583,0.590,0.509,3.27,3.13,0,1,0,1
2628,T026,0.600,0.595,0.572,3.36,3.37,0,1,0,1
2629,T026,0.617,0.639,0.543,3.25,3.12,0,1,0,1
2630,T026,0.633,0.534,0.529,3.15,2.94,0,1,0,1
2631,T026,0.650,0.435,0.467,3.50,3.43,0,1,0,1
2632,T026,0.667,0.274,0.449,3.35,3.51,0,1,0,1
2633,T026,0.683,0.501,0.515,3.40,3.21,0,1,0,1
2634,T026,0.700,0.599,0.407,3.40,3.22,0,0,1,1
2635,T026,0.717,0.508,0.592,3.42,3.74,0,1,0,1
2636,T026,0.733,0.613,0.483,3.32,3.34,0,1,0,1
2637,T026,0.750,0.420,0.403,3.51,2.77,0,0,1,1
2638,T026,0.767,0.469,0.602,3.15,3.08,0,1,0,1
2639,T026,0.783,0.400,0.530,3.15,3.52,0,1,0,1
2640,T026,0.800,0.528,0.514,3.04,3.14,0,1,0,1
2641,T026,0.817,0.514,0.487,3.19,3.08,0,1,0,1
2642,T026,0.833,0.462,0.458,3.20,3.40,0,0,1,1
2643,T026,0.850,0.362,0.595,3.31,3.26,0,1,0,1
2644,T026,0.867,0.567,0.473,3.31,3.36,0,1,0,1
2645,T026,0.883,0.530,0.507,2.97,3.11,0,1,0,1
2646,T026,0.900,0.557,0.511,3.20,3.54,0,1,0,1
2647,T026,0.917,0.457,0.533,3.34,3.39,0,0,1,1
2648,T026,0.933,0.403,0.562,3.45,3.40,0,1,0,1
2649,T026,0.950,0.550,0.475,3.32,3.37,0,1,0,1
2650,T026,0.967,0.581,0.614,3.54,3.42,0,1,0,1
2651,T026,0.983,0.436,0.584,3.66,3.30,0,1,0,1
2652,T026,1.000,0.493,0.604,3.31,3.20,0,0,1,1
2653,T026,1.017,0.526,0.458,3.38,3.16,0,1,0,1
2654,T026,1.033,0.551,0.542,3.08,3.28,0,1,0,1
2655,T026,1.050,0.530,0.475,3.19,3.26,0,1,0,1
2656,T026,1.067,0.557,0.565,3.38,3.22,0,1,0,1
2657,T026,1.083,0.494,0.623,3.35,3.43,0,1,0,1
2658,T026,1.100,0.523,0.504,3.05,3.36,0,1,0,1
2659,T026,1.117,0.481,0.624,3.29,3.15,0,1,0,1
2660,T026,1.133,0.591,0.501,3.37,3.41,0,1,0,1
2661,T026,1.150,0.501,0.477,3.23,3.36,0,0,1,1
2662,T026,1.167,0.622,0.476,3.05,2.98,0,1,0,1
2663,T026,1.183,0.595,0.524,3.43,3.28,0,1,0,1
2664,T026,1.200,0.499,0.519,3.74,3.16,0,1,0,1
2665,T026,1.217,0.567,0.389,3.23,3.20,0,1,0,1
2666,T026,1.233,0.586,0.461,3.54,3.36,0,1,0,1
2667,T026,1.250,0.561,0.517,3.68,3.33,0,0,1,1
2668,T026,1.267,0.410,0.507,3.34,3.11,0,1,0,1
2669,T026,1.283,0.579,0.502,3.12,3.15,0,1,0,1
2670,T026,1.300,0.460,0.453,3.23,3.29,0,1,0,1
2671,T026,1.317,0.510,0.611,3.34,3.34,0,1,0,1
2672,T026,1.333,0.441,0.557,3.25,3.17,0,1,0,1
2673,T026,1.350,0.522,0.465,3.35,3.36,0,1,0,1
2674,T026,1.367,0.402,0.420,3.25,3.65,0,1,0,1
2675,T026,1.383,0.633,0.436,2.80,3.26,0,1,0,1
2676,T026,1.400,0.623,0.382,3.31,3.24,0,0,1,1
2677,T026,1.417,0.416,0.563,3.17,3.45,0,1,0,1
2678,T026,1.433,0.385,0.494,3.58,3.19,0,1,0,1
2679,T026,1.450,0.460,0.397,3.11,3.35,0,1,0,1
2680,T026,1.467,0.501,0.458,3.14,3.53,0,1,0,1
2681,T026,1.483,0.476,0.539,3.32,3.42,0,1,0,1
2682,T026,1.500,0.496,0.532,3.13,3.06,0,0,1,1
2683,T026,1.517,0.534,0.638,3.46,3.55,0,1,0,1
2684,T026,1.533,0.613,0.476,3.55,3.23,0,1,0,1
2685,T026,1.550,0.265,0.437,3.17,3.30,0,1,0,1
2686,T026,1.567,0.494,0.504,3.45,3.04,0,1,0,1
2687,T026,1.583,0.414,0.548,3.13,3.45,0,1,0,1
2688,T026,1.600,0.515,0.384,3.69,3.04,0,0,1,1
2689,T026,1.617,0.473,0.411,3.11,3.22,0,1,0,1
2690,T026,1.633,0.443,0.507,3.49,3.18,0,1,0,1
2691,T026,1.650,0.343,0.584,3.05,2.87,0,1,0,1
2692,T026,1.667,0.493,0.605,3.22,3.68,0,0,1,1
2693,T026,1.683,0.596,0.485,3.35,3.47,0,1,0,1
2694,T026,1.700,0.512,0.506,3.38,3.21,0,1,0,1
2695,T026,1.717,0.488,0.555,3.25,3.00,0,1,0,1
2696,T026,1.733,0.646,0.405,3.62,3.24,0,1,0,1
2697,T026,1.750,0.420,0.535,3.37,3.39,0,1,0,1
2698,T026,1.767,0.453,0.578,3.45,3.23,0,0,1,1
2699,T026,1.783,0.518,0.415,3.33,3.37,0,1,0,1
2700,T026,1.800,0.486,0.351,3.56,3.20,0,1,0,1
2701,T026,1.817,0.534,0.545,3.48,3.33,0,0,1,1
2702,T026,1.833,0.384,0.415,3.50,3.57,0,0,1,1
2703,T026,1.850,0.454,0.414,3.27,3.38,0,1,0,1
2704,T026,1.867,0.486,0.606,3.51,3.32,0,0,1,1
2705,T026,1.883,0.530,0.355,3.23,3.38,0,1,0,1
2706,T026,1.900,0.501,0.461,3.35,3.22,0,1,0,1
2707,T026,1.917,0.571,0.498,2.96,3.41,0,1,0,1
2708,T026,1.933,0.513,0.602,2.97,3.23,0,1,0,1
2709,T026,1.950,0.404,0.545,3.23,3.33,0,1,0,1
2710,T026,1.967,0.556,0.583,3.62,3.50,0,1,0,1
2711,T026,1.983,0.552,0.466,3.12,3.46,0,1,0,1
2712,T026,2.000,0.454,0.607,3.21,3.57,0,1,0,1
2713,T027,0.000,0.513,0.524,3.34,3.36,0,0,1,1
2714,T027,0.017,0.471,0.493,3.47,3.37,0,0,1,1
2715,T027,0.033,0.419,0.423,3.13,3.48,0,1,0,1
2716,T027,0.050,0.541,0.576,3.32,2.99,0,1,0,1
2717,T027,0.067,0.497,0.485,3.42,3.52,0,0,1,1
2718,T027,0.083,0.479,0.482,3.21,3.31,0,0,1,1
2719,T027,0.100,0.466,0.442,3.26,3.20,0,0,1,0
2720,T027,0.117,0.565,0.225,3.52,3.34,0,1,0,1
2721,T027,0.133,0.380,0.646,3.42,3.35,0,1,0,1
2722,T027,0.150,0.535,0.530,3.38,3.56,1,0,0,0
2723,T027,0.167,0.462,0.618,3.54,3.36,0,1,0,1
2724,T027,0.183,0.521,0.547,3.32,3.30,0,1,0,1
2725,T027,0.200,0.524,0.470,3.22,3.24,0,1,0,1
2726,T027,0.217,0.508,0.515,3.33,3.40,0,1,0,1
2727,T027,0.233,0.490,0.484,3.31,3.56,0,1,0,1
2728,T027,0.250,0.495,0.532,3.48,3.32,0,0,1,1
2729,T027,0.267,0.466,0.577,3.39,3.60,0,1,0,1
2730,T027,0.283,0.604,0.463,3.42,3.20,0,1,0,1
2731,T027,0.300,0.528,0.471,3.56,3.34,0,0,1,1
2732,T027,0.317,0.648,0.503,3.70,3.53,0,1,0,1
2733,T027,0.333,0.644,0.511,3.43,3.44,0,1,0,1
2734,T027,0.350,0.486,0.430,3.20,3.41,0,0,1,1
2735,T027,0.367,0.432,0.554,3.21,3.58,0,1,0,1
2736,T027,0.383,0.429,0.557,3.22,3.48,0,1,0,1
2737,T027,0.400,0.520,0.610,3.10,3.50,0,1,0,1
2738,T027,0.417,0.450,0.504,3.50,3.24,1,0,0,0
2739,T027,0.433,0.513,0.456,3.53,3.15,0,1,0,1
2740,T027,0.450,0.503,0.507,3.35,3.11,0,1,0,1
2741,T027,0.467,0.632,0.441,3.41,3.04,0,1,0,1
2742,T027,0.483,0.468,0.407,3.41,3.48,0,1,0,1
2743,T027,0.500,0.536,0.521,3.52,3.30,0,1,0,1
2744,T027,0.517,0.385,0.527,3.34,3.35,0,1,0,1
2745,T027,0.533,0.403,0.460,3.35,3.56,0,1,0,1
2746,T027,0.550,0.449,0.534,3.28,3.61,0,0,1,1
2747,T027,0.567,0.724,0.452,3.54,3.28,0,1,0,1
2748,T027,0.583,0.456,0.456,3.56,3.26,0,1,0,1
2749,T027,0.600,0.487,0.643,3.33,3.50,0,1,0,1
2750,T027,0.617,0.566,0.343,3.19,3.30,0,1,0,1
2751,T027,0.633,0.609,0.370,3.62,3.05,0,0,1,1
2752,T027,0.650,0.555,0.535,3.19,3.20,0,1,0,1
2753,T027,0.667,0.576,0.247,3.31,3.27,0,1,0,1
2754,T027,0.683,0.534,0.370,3.16,3.34,0,0,1,1
2755,T027,0.700,0.374,0.406,3.36,2.96,0,1,0,1
2756,T027,0.717,0.468,0.520,3.24,3.18,0,0,1,1
2757,T027,0.733,0.480,0.560,3.29,3.09,0,0,1,1
2758,T027,0.750,0.465,0.559,3.07,3.18,1,0,0,0
2759,T027,0.767,0.476,0.684,3.17,3.47,0,1,0,1
2760,T027,0.783,0.525,0.459,3.22,3.34,0,1,0,1
2761,T027,0.800,0.515,0.520,3.40,2.83,0,1,0,1
2762,T027,0.817,0.430,0.456,3.49,3.32,0,1,0,1
2763,T027,0.833,0.380,0.470,3.35,3.28,0,1,0,1
2764,T027,0.850,0.511,0.558,3.57,3.39,0,1,0,1
2765,T027,0.867,0.505,0.488,3.54,3.26,0,1,0,1
2766,T027,0.883,0.548,0.333,3.36,3.25,0,0,1,1
2767,T027,0.900,0.535,0.613,3.39,3.35,0,1,0,1
2768,T027,0.917,0.501,0.553,3.05,3.20,0,1,0,1
2769,T027,0.933,0.433,0.475,3.34,3.35,0,1,0,1
2770,T027,0.950,0.499,0.545,3.20,3.42,0,1,0,1
2771,T027,0.967,0.464,0.487,3.33,3.36,0,1,0,1
2772,T027,0.983,0.259,0.382,3.26,3.08,0,1,0,1
2773,T027,1.000,0.365,0.324,3.29,3.36,0,0,1,1
2774,T027,1.017,0.552,0.447,3.68,3.28,0,1,0,1
2775,T027,1.033,0.503,0.291,3.32,3.29,0,0,1,1
2776,T027,1.050,0.533,0.402,3.07,3.08,0,0,1,1
2777,T027,1.067,0.472,0.674,3.26,3.53,0,1,0,1
2778,T027,1.083,0.449,0.494,3.48,3.03,0,1,0,1
2779,T027,1.100,0.518,0.491,3.24,3.14,0,1,0,1
2780,T027,1.117,0.519,0.401,3.47,3.46,0,0,1,1
2781,T027,1.133,0.599,0.629,3.26,2.92,0,0,1,1
2782,T027,1.150,0.541,0.380,3.67,3.51,0,1,0,1
2783,T027,1.167,0.535,0.522,3.33,3.28,0,1,0,1
2784,T027,1.183,0.536,0.436,3.16,3.47,0,1,0,1
2785,T027,1.200,0.529,0.566,3.10,3.37,0,1,0,1
2786,T027,1.217,0.457,0.404,3.34,3.33,0,1,0,1
2787,T027,1.233,0.494,0.558,3.14,3.08,0,0,1,1
2788,T027,1.250,0.488,0.499,2.89,3.16,0,1,0,1
2789,T027,1.267,0.651,0.468,3.09,3.14,0,0,1,1
2790,T027,1.283,0.582,0.557,3.14,3.19,0,1,0,1
2791,T027,1.300,0.513,0.555,3.23,3.49,0,1,0,1
2792,T027,1.317,0.466,0.522,3.36,3.62,0,1,0,1
2793,T027,1.333,0.476,0.553,3.33,3.01,0,1,0,1
2794,T027,1.350,0.248,0.649,3.15,3.18,0,1,0,1
2795,T027,1.367,0.550,0.471,3.06,3.44,0,1,0,1
2796,T027,1.383,0.313,0.606,3.27,3.22,1,0,0,0
2797,T027,1.400,0.623,0.495,3.26,3.38,0,1,0,0
2798,T027,1.417,0.589,0.472,3.26,3.30,0,0,1,1
2799,T027,1.433,0.486,0.570,3.47,3.57,0,1,0,1
2800,T027,1.450,0.439,0.460,3.55,2.94,0,1,0,1
2801,T027,1.467,0.575,0.465,3.34,3.26,0,1,0,1
2802,T027,1.483,0.485,0.488,2.97,3.19,0,0,1,1
2803,T027,1.500,0.475,0.447,2.97,3.35,0,1,0,1
2804,T027,1.517,0.462,0.615,3.22,3.01,0,1,0,1
2805,T027,1.533,0.580,0.499,3.14,3.30,0,0,1,1
2806,T027,1.550,0.528,0.396,3.26,3.32,0,1,0,1
2807,T027,1.567,0.465,0.453,3.21,3.09,0,0,1,1
2808,T027,1.583,0.530,0.685,3.40,3.29,0,1,0,1
2809,T027,1.600,0.550,0.547,3.20,3.31,0,1,0,1
2810,T027,1.617,0.572,0.643,3.14,3.19,0,0,1,1
2811,T027,1.633,0.421,0.498,3.42,3.16,0,1,0,1
2812,T027,1.650,0.449,0.477,3.00,3.55,0,0,1,1
2813,T027,1.667,0.601,0.574,3.29,3.68,0,1,0,1
2814,T027,1.683,0.628,0.568,3.01,3.41,0,1,0,1
2815,T027,1.700,0.486,0.507,3.04,3.36,0,1,0,1
2816,T027,1.717,0.476,0.403,3.18,3.62,0,0,1,1
2817,T027,1.733,0.511,0.535,3.22,3.42,0,1,0,1
2818,T027,1.750,0.604,0.326,3.09,3.08,0,1,0,1
2819,T027,1.767,0.514,0.359,3.29,3.53,0,1,0,1
2820,T027,1.783,0.512,0.452,3.40,3.34,0,1,0,1
2821,T027,1.800,0.559,0.520,2.97,3.37,0,1,0,1
2822,T028,0.000,0.436,0.633,3.51,3.06,0,0,1,1
2823,T028,0.017,0.440,0.466,3.33,3.28,0,1,0,1
2824,T028,0.033,0.330,0.521,3.26,3.16,1,0,0,0
2825,T028,0.050,0.515,0.368,3.32,3.28,0,1,0,1
2826,T028,0.067,0.504,0.501,3.52,3.56,0,0,1,1
2827,T028,0.083,0.634,0.340,3.31,3.32,0,1,0,1
2828,T028,0.100,0.504,0.367,3.43,3.68,0,1,0,1
2829,T028,0.117,0.489,0.286,3.52,3.48,0,1,0,1
2830,T028,0.133,0.649,0.338,3.48,3.34,0,1,0,1
2831,T028,0.150,0.495,0.487,3.30,3.34,0,1,0,1
2832,T028,0.167,0.470,0.622,3.52,3.05,0,1,0,1
2833,T028,0.183,0.556,0.558,3.11,3.30,0,0,1,1
2834,T028,0.200,0.581,0.518,2.98,3.23,0,1,0,1
2835,T028,0.217,0.592,0.476,3.36,3.24,0,1,0,1
2836,T028,0.233,0.593,0.478,3.34,3.21,0,1,0,1
2837,T028,0.250,0.588,0.544,3.33,3.50,0,1,0,1
2838,T028,0.267,0.478,0.511,3.30,3.18,0,1,0,1
2839,T028,0.283,0.608,0.690,3.06,3.47,0,1,0,1
2840,T028,0.300,0.493,0.488,3.32,3.58,0,1,0,1
2841,T028,0.317,0.585,0.547,3.51,3.40,0,1,0,1
2842,T028,0.333,0.474,0.381,3.51,3.28,0,1,0,1
2843,T028,0.350,0.637,0.635,3.41,3.56,0,1,0,1
2844,T028,0.367,0.574,0.503,3.20,3.08,0,1,0,1
2845,T028,0.383,0.529,0.489,3.35,3.51,0,1,0,0
2846,T028,0.400,0.594,0.417,3.42,3.08,0,1,0,1
2847,T028,0.417,0.475,0.414,3.43,3.24,0,1,0,1
2848,T028,0.433,0.584,0.461,3.59,3.07,0,0,1,1
2849,T028,0.450,0.531,0.404,2.96,3.48,0,1,0,1
2850,T028,0.467,0.542,0.533,3.12,3.07,0,1,0,1
2851,T028,0.483,0.633,0.609,3.26,3.43,0,1,0,1
2852,T028,0.500,0.440,0.522,3.15,3.28,0,1,0,1
2853,T028,0.517,0.429,0.371,2.93,3.52,0,0,1,1
2854,T028,0.533,0.522,0.456,2.90,3.04,0,1,0,1
2855,T028,0.550,0.377,0.441,3.25,3.51,0,0,1,1
2856,T028,0.567,0.556,0.511,3.16,3.54,0,1,0,1
2857,T028,0.583,0.460,0.493,3.10,3.40,0,0,1,1
2858,T028,0.600,0.663,0.347,3.38,3.22,0,1,0,1
2859,T028,0.617,0.816,0.494,3.60,3.18,0,1,0,1
2860,T028,0.633,0.486,0.482,3.31,3.28,0,1,0,1
2861,T028,0.650,0.490,0.532,3.13,3.65,0,1,0,1
2862,T028,0.667,0.441,0.458,3.54,3.35,0,1,0,1
2863,T028,0.683,0.469,0.546,3.26,3.33,0,1,0,1
2864,T028,0.700,0.429,0.560,3.33,3.20,0,1,0,1
2865,T028,0.717,0.404,0.587,3.48,3.48,0,1,0,1
2866,T028,0.733,0.431,0.556,3.43,3.40,0,1,0,1
2867,T028,0.750,0.536,0.485,3.31,3.07,0,1,0,1
2868,T028,0.767,0.475,0.581,3.58,3.43,0,1,0,1
2869,T028,0.783,0.556,0.565,2.80,3.60,0,0,1,1
2870,T028,0.800,0.443,0.439,3.20,3.17,0,1,0,1
2871,T028,0.817,0.425,0.503,3.16,3.35,0,1,0,1
2872,T028,0.833,0.526,0.479,3.38,3.29,0,0,1,1
2873,T028,0.850,0.465,0.342,3.35,3.16,0,1,0,1
2874,T028,0.867,0.550,0.593,3.11,3.41,0,1,0,1
2875,T028,0.883,0.484,0.503,3.25,3.57,0,1,0,1
2876,T028,0.900,0.442,0.580,3.39,2.84,0,1,0,1
2877,T028,0.917,0.553,0.439,3.27,3.36,0,0,1,1
2878,T028,0.933,0.427,0.382,3.62,3.45,0,1,0,1
2879,T028,0.950,0.567,0.447,3.18,3.25,0,1,0,1
2880,T028,0.967,0.470,0.437,3.10,3.31,0,0,1,1
2881,T028,0.983,0.596,0.492,3.74,3.49,0,1,0,1
2882,T028,1.000,0.482,0.489,2.98,3.03,0,1,0,1
2883,T028,1.017,0.468,0.296,3.15,3.29,0,1,0,1
2884,T028,1.033,0.597,0.500,3.36,3.68,0,1,0,1
2885,T028,1.050,0.515,0.564,3.24,3.10,0,1,0,1
2886,T028,1.067,0.562,0.520,3.37,3.53,0,1,0,1
2887,T028,1.083,0.535,0.688,3.24,3.35,0,0,1,1
2888,T028,1.100,0.487,0.439,3.10,3.35,0,1,0,1
2889,T028,1.117,0.548,0.499,3.37,3.11,0,1,0,1
2890,T028,1.133,0.581,0.367,3.24,3.06,0,1,0,1
2891,T028,1.150,0.613,0.553,3.28,3.19,0,1,0,1
2892,T028,1.167,0.545,0.484,2.98,3.23,0,1,0,1
2893,T028,1.183,0.429,0.498,3.17,3.21,0,1,0,1
2894,T028,1.200,0.631,0.503,3.46,3.66,0,1,0,1
2895,T028,1.217,0.491,0.437,3.34,3.44,0,1,0,1
2896,T028,1.233,0.428,0.529,3.08,3.20,0,1,0,1
2897,T028,1.250,0.478,0.377,3.47,3.21,0,1,0,1
2898,T028,1.267,0.435,0.586,3.38,3.23,0,1,0,1
2899,T028,1.283,0.555,0.509,3.11,3.50,0,1,0,1
2900,T028,1.300,0.441,0.409,3.28,3.36,0,1,0,1
2901,T028,1.317,0.464,0.456,3.32,3.24,0,1,0,1
2902,T028,1.333,0.614,0.629,3.19,3.22,0,1,0,1
2903,T028,1.350,0.589,0.592,3.37,3.42,0,1,0,1
2904,T028,1.367,0.567,0.412,3.32,3.05,0,1,0,1
2905,T028,1.383,0.447,0.383,3.20,3.13,0,1,0,1
2906,T028,1.400,0.517,0.592,2.97,3.39,0,1,0,1
2907,T028,1.417,0.457,0.553,3.23,3.38,0,1,0,1
2908,T028,1.433,0.481,0.560,3.34,3.25,0,1,0,1
2909,T028,1.450,0.524,0.498,3.44,3.17,0,0,1,0
2910,T028,1.467,0.454,0.390,3.44,3.17,0,1,0,1
2911,T028,1.483,0.431,0.539,3.47,3.07,0,1,0,0
2912,T028,1.500,0.415,0.443,3.41,3.01,1,0,0,0
2913,T028,1.517,0.448,0.476,3.08,3.14,0,1,0,1
2914,T028,1.533,0.501,0.570,3.04,3.50,0,1,0,1
2915,T028,1.550,0.504,0.442,3.71,3.13,0,1,0,1
2916,T028,1.567,0.497,0.483,3.33,3.71,0,1,0,1
2917,T028,1.583,0.369,0.596,3.34,3.30,1,0,0,0
2918,T028,1.600,0.481,0.511,3.06,3.10,0,1,0,1
2919,T028,1.617,0.431,0.499,3.49,3.40,0,1,0,1
2920,T028,1.633,0.461,0.443,3.21,3.42,0,1,0,1
2921,T028,1.650,0.525,0.419,3.45,3.34,0,1,0,1
2922,T028,1.667,0.450,0.464,3.18,3.35,0,1,0,1
2923,T028,1.683,0.522,0.603,3.40,3.44,0,1,0,1
2924,T028,1.700,0.545,0.405,3.39,3.32,0,1,0,1
2925,T028,1.717,0.401,0.496,3.39,3.47,0,1,0,1
2926,T028,1.733,0.503,0.505,3.01,3.15,0,1,0,1
2927,T028,1.750,0.471,0.442,3.51,3.23,0,1,0,0
2928,T028,1.767,0.537,0.653,2.71,3.37,0,1,0,1
2929,T028,1.783,0.381,0.607,3.41,3.14,0,1,0,1
2930,T028,1.800,0.386,0.470,3.23,3.58,0,1,0,1
2931,T028,1.817,0.524,0.488,3.52,3.45,0,0,1,1
2932,T028,1.833,0.428,0.512,3.29,3.21,0,1,0,1
2933,T028,1.850,0.453,0.550,3.34,3.07,0,1,0,1
2934,T028,1.867,0.383,0.582,3.11,3.13,0,1,0,1
2935,T028,1.883,0.518,0.698,3.32,3.21,0,1,0,1
2936,T028,1.900,0.506,0.556,3.39,3.42,0,1,0,1
2937,T029,0.000,0.379,0.551,3.64,3.16,0,1,0,1
2938,T029,0.017,0.516,0.526,3.53,3.50,0,0,1,1
2939,T029,0.033,0.579,0.589,3.60,3.16,0,1,0,1
2940,T029,0.050,0.501,0.605,3.29,3.43,0,1,0,1
2941,T029,0.067,0.634,0.446,3.22,3.23,0,1,0,1
2942,T029,0.083,0.579,0.571,3.10,3.52,0,1,0,1
2943,T029,0.100,0.398,0.398,3.44,3.58,0,0,1,1
2944,T029,0.117,0.485,0.414,3.16,3.26,1,0,0,0
2945,T029,0.133,0.583,0.512,3.32,3.62,0,1,0,1
2946,T029,0.150,0.520,0.544,3.63,3.24,1,0,0,0
2947,T029,0.167,0.505,0.547,2.98,3.20,0,1,0,1
2948,T029,0.183,0.461,0.568,3.31,3.22,0,1,0,1
2949,T029,0.200,0.467,0.510,3.57,2.79,0,1,0,1
2950,T029,0.217,0.488,0.343,3.28,3.41,0,0,1,1
2951,T029,0.233,0.584,0.622,3.22,3.42,0,0,1,1
2952,T029,0.250,0.493,0.474,3.73,3.59,0,0,1,1
2953,T029,0.267,0.565,0.524,3.33,3.34,0,1,0,1
2954,T029,0.283,0.506,0.470,3.25,3.34,0,1,0,1
2955,T029,0.300,0.419,0.459,3.22,2.89,0,1,0,1
2956,T029,0.317,0.545,0.450,3.42,3.36,0,1,0,1
2957,T029,0.333,0.436,0.461,3.48,3.29,0,1,0,1
2958,T029,0.350,0.427,0.490,3.25,3.38,0,1,0,1
2959,T029,0.367,0.484,0.593,3.51,3.43,0,1,0,1
2960,T029,0.383,0.522,0.537,3.13,3.13,0,1,0,1
2961,T029,0.400,0.474,0.621,3.11,3.25,0,1,0,1
2962,T029,0.417,0.454,0.388,3.17,3.33,0,1,0,1
2963,T029,0.433,0.551,0.605,3.33,3.24,0,1,0,1
2964,T029,0.450,0.517,0.527,3.23,3.58,0,1,0,1
2965,T029,0.467,0.496,0.522,3.47,3.45,0,1,0,1
2966,T029,0.483,0.446,0.534,3.36,3.36,0,1,0,1
2967,T029,0.500,0.473,0.625,3.43,3.51,0,0,1,1
2968,T029,0.517,0.514,0.461,3.07,3.07,0,0,1,1
2969,T029,0.533,0.471,0.616,3.16,3.33,0,1,0,1
2970,T029,0.550,0.545,0.436,3.23,3.30,0,1,0,1
2971,T029,0.567,0.453,0.455,3.33,3.20,0,1,0,1
2972,T029,0.583,0.558,0.379,3.01,3.10,0,1,0,1
2973,T029,0.600,0.495,0.504,2.92,3.10,0,1,0,1
2974,T029,0.617,0.448,0.607,3.26,3.37,1,0,0,0
2975,T029,0.633,0.433,0.499,3.41,3.52,0,0,1,1
2976,T029,0.650,0.532,0.452,3.65,2.97,0,1,0,1
2977,T029,0.667,0.533,0.502,3.40,3.08,0,0,1,1
2978,T029,0.683,0.537,0.605,3.13,3.32,0,1,0,1
2979,T029,0.700,0.432,0.404,3.62,3.20,0,1,0,1
2980,T029,0.717,0.466,0.526,3.27,3.19,1,0,0,0
2981,T029,0.733,0.482,0.533,3.29,3.04,0,1,0,1
2982,T029,0.750,0.530,0.518,3.22,3.33,0,1,0,0
2983,T029,0.767,0.484,0.390,3.37,3.48,0,1,0,1
2984,T029,0.783,0.354,0.443,3.48,3.18,0,0,1,1
2985,T029,0.800,0.345,0.561,3.40,3.50,0,1,0,1
2986,T029,0.817,0.591,0.447,3.26,3.50,0,1,0,1
2987,T029,0.833,0.466,0.557,3.68,3.35,0,1,0,1
2988,T029,0.850,0.312,0.485,3.34,3.22,0,1,0,1
2989,T029,0.867,0.458,0.598,3.56,3.35,0,1,0,1
2990,T029,0.883,0.653,0.493,3.34,3.33,1,0,0,0
2991,T029,0.900,0.373,0.677,3.03,3.44,0,1,0,1
2992,T029,0.917,0.418,0.571,3.27,3.18,0,1,0,1
2993,T029,0.933,0.464,0.435,3.28,3.47,0,1,0,1
2994,T029,0.950,0.385,0.449,3.26,3.75,0,1,0,1
2995,T029,0.967,0.522,0.449,3.42,3.37,0,1,0,1
2996,T029,0.983,0.425,0.457,3.41,3.28,0,1,0,1
2997,T029,1.000,0.574,0.624,3.49,3.69,0,1,0,1
2998,T029,1.017,0.535,0.567,3.43,3.51,0,1,0,1
2999,T029,1.033,0.596,0.424,2.99,3.29,0,0,1,1
3000,T029,1.050,0.416,0.517,3.38,3.40,0,1,0,1
3001,T029,1.067,0.474,0.465,3.34,3.31,0,0,1,1
3002,T029,1.083,0.473,0.481,2.96,3.28,0,1,0,1
3003,T029,1.100,0.368,0.484,3.14,3.10,0,1,0,1
3004,T029,1.117,0.551,0.336,3.23,3.27,0,0,1,1
3005,T029,1.133,0.449,0.405,3.52,3.52,0,1,0,1
3006,T029,1.150,0.547,0.552,3.51,3.10,0,1,0,1
3007,T029,1.167,0.452,0.472,3.13,3.49,0,1,0,1
3008,T029,1.183,0.505,0.454,3.49,3.37,0,1,0,1
3009,T029,1.200,0.481,0.429,3.38,3.26,0,1,0,1
3010,T029,1.217,0.436,0.420,3.23,3.34,0,0,1,1
3011,T029,1.233,0.618,0.456,3.51,3.12,0,1,0,1
3012,T029,1.250,0.611,0.472,3.07,3.46,0,1,0,1
3013,T029,1.267,0.534,0.494,3.12,3.19,0,1,0,1
3014,T029,1.283,0.390,0.383,3.43,3.45,0,0,1,1
3015,T029,1.300,0.438,0.370,3.57,3.19,0,0,1,1
3016,T029,1.317,0.519,0.610,3.30,3.24,0,1,0,1
3017,T029,1.333,0.504,0.595,3.00,3.16,0,1,0,1
3018,T029,1.350,0.510,0.524,3.33,3.35,0,1,0,1
3019,T029,1.367,0.531,0.481,3.36,3.08,0,0,1,1
3020,T029,1.383,0.435,0.575,3.16,3.13,0,1,0,1
3021,T029,1.400,0.337,0.435,3.25,3.22,0,1,0,1
3022,T029,1.417,0.447,0.509,3.42,3.63,0,1,0,0
3023,T029,1.433,0.565,0.549,3.63,3.52,0,0,1,1
3024,T029,1.450,0.494,0.530,3.15,3.10,0,1,0,1
3025,T029,1.467,0.527,0.531,3.30,3.32,1,0,0,0
3026,T029,1.483,0.537,0.449,2.98,3.20,0,0,1,1
3027,T029,1.500,0.484,0.490,3.38,3.24,0,1,0,1
3028,T029,1.517,0.466,0.557,3.53,3.13,0,0,1,1
3029,T029,1.533,0.363,0.531,3.47,3.23,0,1,0,1
3030,T029,1.550,0.622,0.323,3.03,3.30,0,0,1,1
3031,T029,1.567,0.597,0.421,3.39,3.33,0,0,1,1
3032,T030,0.000,0.538,0.608,2.94,3.06,0,1,0,1
3033,T030,0.017,0.498,0.558,3.29,3.25,0,1,0,1
3034,T030,0.033,0.340,0.511,2.98,3.26,0,1,0,1
3035,T030,0.050,0.324,0.585,3.40,3.28,0,1,0,1
3036,T030,0.067,0.541,0.439,3.43,3.14,0,1,0,1
3037,T030,0.083,0.402,0.501,3.31,3.36,0,1,0,1
3038,T030,0.100,0.505,0.545,3.36,3.10,0,0,1,0
3039,T030,0.117,0.391,0.562,3.33,3.35,0,0,1,1
3040,T030,0.133,0.507,0.394,3.54,3.33,0,0,1,1
3041,T030,0.150,0.395,0.447,3.58,3.20,0,1,0,1
3042,T030,0.167,0.529,0.461,3.23,3.32,0,1,0,0
3043,T030,0.183,0.561,0.554,3.29,3.18,0,1,0,1
3044,T030,0.200,0.421,0.503,3.03,3.21,0,1,0,1
3045,T030,0.217,0.533,0.549,3.56,3.37,0,1,0,1
3046,T030,0.233,0.466,0.484,3.16,3.01,0,1,0,1
3047,T030,0.250,0.543,0.570,3.15,3.35,0,0,1,1
3048,T030,0.267,0.453,0.577,3.40,3.43,0,1,0,1
3049,T030,0.283,0.486,0.489,3.17,3.25,0,1,0,1
3050,T030,0.300,0.446,0.402,3.42,3.30,0,1,0,1
3051,T030,0.317,0.493,0.429,3.31,3.52,0,1,0,1
3052,T030,0.333,0.597,0.608,3.29,3.24,0,1,0,1
3053,T030,0.350,0.387,0.707,3.22,3.53,0,1,0,1
3054,T030,0.367,0.606,0.403,3.00,3.48,0,1,0,1
3055,T030,0.383,0.402,0.463,3.60,3.31,0,1,0,1
3056,T030,0.400,0.646,0.481,3.46,3.23,0,1,0,1
3057,T030,0.417,0.534,0.542,3.34,3.89,0,1,0,1
3058,T030,0.433,0.520,0.445,3.23,3.20,0,1,0,1
3059,T030,0.450,0.521,0.401,3.31,3.37,0,1,0,1
3060,T030,0.467,0.369,0.439,3.45,3.01,0,1,0,1
3061,T030,0.483,0.599,0.339,3.32,3.60,0,0,1,1
3062,T030,0.500,0.478,0.454,3.17,3.26,0,1,0,1
3063,T030,0.517,0.565,0.487,3.16,3.14,0,1,0,1
3064,T030,0.533,0.526,0.549,3.47,3.44,0,0,1,1
3065,T030,0.550,0.458,0.496,3.16,3.51,0,1,0,1
3066,T030,0.567,0.455,0.444,3.20,3.46,0,1,0,1
3067,T030,0.583,0.440,0.576,3.21,3.16,0,1,0,1
3068,T030,0.600,0.609,0.388,3.16,3.60,0,1,0,1
3069,T030,0.617,0.555,0.503,3.38,3.18,0,1,0,1
3070,T030,0.633,0.465,0.632,3.53,3.50,0,1,0,1
3071,T030,0.650,0.350,0.484,3.27,3.24,0,1,0,1
3072,T030,0.667,0.424,0.550,3.30,3.43,0,1,0,1
3073,T030,0.683,0.325,0.520,3.10,3.75,0,1,0,1
3074,T030,0.700,0.597,0.468,3.29,3.17,0,0,1,1
3075,T030,0.717,0.555,0.413,3.07,3.15,0,1,0,1
3076,T030,0.733,0.705,0.596,3.29,3.29,0,1,0,1
3077,T030,0.750,0.478,0.513,3.25,3.26,0,1,0,1
3078,T030,0.767,0.485,0.578,3.57,3.59,0,1,0,1
3079,T030,0.783,0.423,0.413,3.68,3.35,0,0,1,1
3080,T030,0.800,0.560,0.498,3.38,3.32,0,1,0,1
3081,T030,0.817,0.419,0.432,3.09,3.62,0,1,0,1
3082,T030,0.833,0.501,0.545,3.20,3.14,0,1,0,1
3083,T030,0.850,0.569,0.484,2.92,2.99,0,1,0,1
3084,T030,0.867,0.392,0.398,3.26,3.30,0,1,0,1
3085,T030,0.883,0.552,0.560,3.51,3.66,0,1,0,1
3086,T030,0.900,0.505,0.442,3.19,3.37,0,1,0,1
3087,T030,0.917,0.525,0.450,3.25,3.14,0,0,1,1
3088,T030,0.933,0.558,0.467,3.35,3.02,0,1,0,0
3089,T030,0.950,0.509,0.505,3.07,3.35,0,1,0,1
3090,T030,0.967,0.465,0.476,2.99,3.54,0,0,1,1
3091,T030,0.983,0.562,0.500,3.36,2.94,0,0,1,1
3092,T030,1.000,0.543,0.501,3.27,2.98,0,1,0,1
3093,T030,1.017,0.517,0.442,3.16,3.22,0,1,0,1
3094,T030,1.033,0.368,0.391,3.08,3.17,0,1,0,1
3095,T030,1.050,0.320,0.588,3.60,3.25,0,0,1,1
3096,T030,1.067,0.562,0.275,3.34,3.17,0,1,0,1
3097,T030,1.083,0.439,0.464,3.28,3.38,0,0,1,1
3098,T030,1.100,0.373,0.429,3.37,3.39,0,1,0,1
3099,T030,1.117,0.488,0.534,3.52,3.31,0,1,0,1
3100,T030,1.133,0.497,0.529,3.18,3.15,0,1,0,1
3101,T030,1.150,0.429,0.558,3.58,3.17,0,1,0,1
3102,T030,1.167,0.441,0.555,3.27,3.47,0,1,0,1
3103,T030,1.183,0.488,0.519,2.88,3.08,0,1,0,1
3104,T030,1.200,0.528,0.476,3.14,3.24,0,0,1,1
3105,T030,1.217,0.376,0.405,3.05,3.20,0,1,0,1
3106,T030,1.233,0.612,0.555,3.37,3.40,0,1,0,1
3107,T030,1.250,0.499,0.559,3.34,3.35,0,1,0,1
3108,T030,1.267,0.521,0.446,3.32,3.05,0,0,1,1
3109,T031,0.000,0.444,0.498,3.30,3.35,0,1,0,1
3110,T031,0.017,0.521,0.456,3.24,3.49,0,1,0,1
3111,T031,0.033,0.519,0.502,3.75,3.26,0,1,0,1
3112,T031,0.050,0.459,0.489,3.37,3.15,0,1,0,0
3113,T031,0.067,0.527,0.488,3.74,3.48,0,1,0,1
3114,T031,0.083,0.582,0.351,3.12,3.42,0,1,0,1
3115,T031,0.100,0.585,0.495,3.44,3.37,0,0,1,1
3116,T031,0.117,0.548,0.551,2.88,3.21,0,1,0,1
3117,T031,0.133,0.400,0.498,3.14,3.17,0,1,0,1
3118,T031,0.150,0.552,0.592,3.17,3.12,0,1,0,1
3119,T031,0.167,0.409,0.549,3.44,3.40,0,0,1,1
3120,T031,0.183,0.574,0.369,3.11,3.66,0,1,0,1
3121,T031,0.200,0.470,0.381,3.43,3.52,0,1,0,1
3122,T031,0.217,0.466,0.430,3.19,3.24,0,1,0,1
3123,T031,0.233,0.539,0.557,3.18,3.39,0,1,0,1
3124,T031,0.250,0.481,0.513,3.51,3.35,0,1,0,1
3125,T031,0.267,0.514,0.394,3.23,3.47,0,0,1,1
3126,T031,0.283,0.469,0.556,3.31,3.24,0,1,0,1
3127,T031,0.300,0.502,0.778,3.33,3.04,0,0,1,1
3128,T031,0.317,0.583,0.544,3.15,3.34,0,1,0,1
3129,T031,0.333,0.472,0.557,3.08,3.14,0,0,1,1
3130,T031,0.350,0.467,0.642,3.20,3.20,0,1,0,1
3131,T031,0.367,0.413,0.401,3.11,3.63,0,1,0,0
3132,T031,0.383,0.504,0.571,2.97,3.25,0,1,0,1
3133,T031,0.400,0.461,0.499,2.93,3.11,0,1,0,0
3134,T031,0.417,0.549,0.577,3.49,3.45,0,1,0,1
3135,T031,0.433,0.447,0.356,3.18,3.28,0,1,0,1
3136,T031,0.450,0.546,0.459,3.27,3.59,0,0,1,1
3137,T031,0.467,0.486,0.554,3.42,3.13,0,1,0,1
3138,T031,0.483,0.699,0.517,3.33,3.28,0,1,0,1
3139,T031,0.500,0.571,0.463,2.94,3.12,0,1,0,1
3140,T031,0.517,0.489,0.567,3.15,3.36,0,1,0,1
3141,T031,0.533,0.524,0.405,3.62,3.25,0,1,0,1
3142,T031,0.550,0.504,0.584,3.42,3.42,0,0,1,1
3143,T031,0.567,0.553,0.409,3.19,3.27,0,1,0,1
3144,T031,0.583,0.452,0.463,3.02,3.31,0,0,1,1
3145,T031,0.600,0.433,0.490,3.53,3.37,0,1,0,1
3146,T031,0.617,0.525,0.457,3.40,3.32,0,1,0,1
3147,T031,0.633,0.495,0.558,3.26,3.02,0,1,0,1
3148,T031,0.650,0.522,0.628,3.32,3.21,1,0,0,0
3149,T031,0.667,0.701,0.581,3.31,3.10,0,1,0,1
3150,T031,0.683,0.655,0.632,3.07,3.58,0,0,1,1
3151,T031,0.700,0.348,0.543,3.14,3.46,0,1,0,1
3152,T031,0.717,0.602,0.550,3.13,3.53,0,1,0,1
3153,T031,0.733,0.342,0.651,3.30,3.22,0,1,0,1
3154,T031,0.750,0.480,0.476,2.80,3.36,0,1,0,1
3155,T031,0.767,0.521,0.532,3.59,3.65,0,1,0,1
3156,T031,0.783,0.574,0.589,3.08,3.66,0,1,0,1
3157,T031,0.800,0.459,0.497,3.12,3.05,0,1,0,1
3158,T031,0.817,0.544,0.504,3.54,3.55,0,1,0,1
3159,T031,0.833,0.547,0.632,3.42,3.29,0,1,0,1
3160,T031,0.850,0.526,0.356,3.38,3.36,0,1,0,1
3161,T031,0.867,0.671,0.602,3.21,3.56,0,0,1,1
3162,T031,0.883,0.442,0.440,3.36,3.29,0,0,1,1
3163,T031,0.900,0.381,0.597,3.14,3.24,0,1,0,1
3164,T031,0.917,0.473,0.438,3.58,3.55,0,0,1,1
3165,T031,0.933,0.423,0.618,3.20,3.13,0,1,0,1
3166,T031,0.950,0.474,0.529,3.24,3.23,0,0,1,1
3167,T031,0.967,0.483,0.666,3.50,3.36,0,1,0,1
3168,T031,0.983,0.529,0.416,3.19,3.47,0,1,0,1
3169,T031,1.000,0.508,0.648,3.54,3.14,0,1,0,1
3170,T031,1.017,0.559,0.308,3.21,3.35,0,1,0,1
3171,T031,1.033,0.422,0.569,3.50,3.33,0,1,0,1
3172,T031,1.050,0.423,0.519,2.93,3.21,0,1,0,1
3173,T031,1.067,0.449,0.495,3.24,3.39,0,1,0,1
3174,T031,1.083,0.487,0.573,3.45,3.05,0,1,0,1
3175,T031,1.100,0.326,0.513,3.20,3.07,0,1,0,1
3176,T031,1.117,0.549,0.496,3.55,3.43,0,1,0,1
3177,T031,1.133,0.456,0.498,3.36,3.23,0,1,0,1
3178,T031,1.150,0.461,0.479,3.22,2.93,0,1,0,1
3179,T031,1.167,0.438,0.490,2.94,3.26,0,0,1,1
3180,T031,1.183,0.357,0.387,3.44,3.45,0,1,0,1
3181,T031,1.200,0.422,0.573,3.27,3.38,0,0,1,1
3182,T031,1.217,0.581,0.475,2.71,3.31,0,1,0,1
3183,T031,1.233,0.553,0.602,3.49,3.48,0,1,0,1
3184,T031,1.250,0.526,0.475,3.19,3.43,0,1,0,1
3185,T031,1.267,0.307,0.582,3.32,3.22,0,1,0,1
3186,T031,1.283,0.440,0.539,3.49,3.58,0,1,0,1
3187,T031,1.300,0.412,0.347,3.56,2.92,0,1,0,1
3188,T031,1.317,0.516,0.457,3.38,2.92,0,0,1,1
3189,T031,1.333,0.397,0.383,3.35,3.17,0,0,1,1
3190,T031,1.350,0.560,0.481,3.45,3.41,0,1,0,1
3191,T031,1.367,0.530,0.712,3.35,3.32,0,0,1,1
3192,T031,1.383,0.543,0.482,3.37,3.37,1,0,0,0
3193,T031,1.400,0.381,0.502,3.35,3.37,0,1,0,1
3194,T031,1.417,0.470,0.429,3.38,3.26,0,1,0,1
3195,T031,1.433,0.481,0.460,3.17,3.54,1,0,0,0
3196,T031,1.450,0.465,0.519,3.09,2.94,0,1,0,1
3197,T031,1.467,0.605,0.365,3.39,3.14,0,1,0,1
3198,T031,1.483,0.607,0.607,3.34,3.35,0,1,0,1
3199,T031,1.500,0.537,0.516,3.31,3.26,0,1,0,1
3200,T031,1.517,0.619,0.453,3.27,3.15,0,1,0,1
3201,T031,1.533,0.505,0.351,3.13,3.23,0,1,0,1
3202,T031,1.550,0.517,0.377,3.37,3.22,0,1,0,1
3203,T031,1.567,0.553,0.498,3.37,3.61,0,1,0,1
3204,T032,0.000,0.562,0.491,3.33,3.24,0,1,0,1
3205,T032,0.017,0.447,0.554,3.31,3.34,0,1,0,1
3206,T032,0.033,0.435,0.514,3.11,3.45,0,1,0,1
3207,T032,0.050,0.680,0.540,3.24,3.49,0,1,0,1
3208,T032,0.067,0.524,0.514,3.16,3.48,0,1,0,1
3209,T032,0.083,0.470,0.426,3.40,3.51,0,1,0,1
3210,T032,0.100,0.536,0.494,3.39,3.40,0,1,0,1
3211,T032,0.117,0.591,0.505,3.04,3.19,0,0,1,1
3212,T032,0.133,0.418,0.490,3.50,3.32,0,1,0,1
3213,T032,0.150,0.459,0.508,3.59,3.24,0,1,0,1
3214,T032,0.167,0.651,0.687,2.90,3.59,0,0,1,1
3215,T032,0.183,0.369,0.426,3.72,3.26,0,1,0,1
3216,T032,0.200,0.467,0.523,3.30,3.19,0,1,0,1
3217,T032,0.217,0.442,0.459,3.44,3.08,0,0,1,1
3218,T032,0.233,0.532,0.525,3.50,3.36,0,1,0,1
3219,T032,0.250,0.523,0.585,3.19,3.33,0,1,0,1
3220,T032,0.267,0.403,0.384,3.46,3.47,0,1,0,1
3221,T032,0.283,0.665,0.627,3.43,3.42,0,1,0,1
3222,T032,0.300,0.579,0.449,3.11,3.56,0,1,0,1
3223,T032,0.317,0.555,0.501,3.11,3.27,0,1,0,1
3224,T032,0.333,0.389,0.636,3.50,3.63,0,1,0,1
3225,T032,0.350,0.574,0.523,3.32,3.41,0,0,1,1
3226,T032,0.367,0.449,0.621,3.33,3.29,0,1,0,1
3227,T032,0.383,0.506,0.577,3.18,2.99,0,1,0,1
3228,T032,0.400,0.520,0.502,3.25,3.27,0,1,0,1
3229,T032,0.417,0.595,0.543,3.11,3.45,0,1,0,1
3230,T032,0.433,0.551,0.550,3.07,3.25,0,1,0,1
3231,T032,0.450,0.466,0.460,3.44,3.43,0,0,1,1
3232,T032,0.467,0.575,0.709,3.37,3.51,0,1,0,1
3233,T032,0.483,0.454,0.546,3.45,3.07,0,1,0,1
3234,T032,0.500,0.396,0.400,3.24,3.42,0,1,0,1
3235,T032,0.517,0.479,0.429,3.25,3.32,0,1,0,1
3236,T032,0.533,0.484,0.692,3.51,3.41,0,1,0,1
3237,T032,0.550,0.585,0.494,3.26,3.44,0,1,0,1
3238,T032,0.567,0.431,0.442,3.41,3.38,0,1,0,0
3239,T032,0.583,0.455,0.598,3.22,3.26,0,1,0,1
3240,T032,0.600,0.555,0.519,3.60,3.39,0,0,1,1
3241,T032,0.617,0.572,0.361,3.18,3.47,0,1,0,1
3242,T032,0.633,0.422,0.549,3.26,3.40,0,1,0,0
3243,T032,0.650,0.478,0.475,3.33,3.27,1,0,0,0
3244,T032,0.667,0.524,0.315,3.20,3.13,0,0,1,1
3245,T032,0.683,0.567,0.500,3.48,3.12,0,0,1,1
3246,T032,0.700,0.467,0.328,3.17,3.07,0,1,0,1
3247,T032,0.717,0.373,0.571,3.00,3.39,0,1,0,1
3248,T032,0.733,0.536,0.597,3.25,3.31,0,1,0,1
3249,T032,0.750,0.589,0.502,3.04,3.44,0,0,1,1
3250,T032,0.767,0.525,0.417,3.19,3.19,0,0,1,1
3251,T032,0.783,0.513,0.548,3.30,3.13,0,1,0,1
3252,T032,0.800,0.614,0.539,3.11,3.18,0,1,0,1
3253,T032,0.817,0.582,0.447,3.12,3.20,0,1,0,1
3254,T032,0.833,0.567,0.697,3.27,3.33,0,0,1,1
3255,T032,0.850,0.529,0.592,3.58,3.21,0,0,1,1
3256,T032,0.867,0.392,0.510,3.28,2.88,0,1,0,1
3257,T032,0.883,0.524,0.483,3.18,3.18,0,0,1,1
3258,T032,0.900,0.458,0.426,3.42,3.30,0,1,0,1
3259,T032,0.917,0.489,0.488,3.21,3.40,0,1,0,1
3260,T032,0.933,0.596,0.439,3.19,3.14,0,1,0,1
3261,T032,0.950,0.496,0.561,3.17,3.17,0,1,0,1
3262,T032,0.967,0.692,0.676,3.46,3.40,0,0,1,1
3263,T032,0.983,0.576,0.546,3.14,3.38,0,1,0,1
3264,T032,1.000,0.509,0.622,3.40,3.28,0,0,1,0
3265,T032,1.017,0.567,0.506,3.17,3.34,0,0,1,1
3266,T032,1.033,0.486,0.432,3.16,3.44,0,1,0,1
3267,T032,1.050,0.452,0.353,3.12,3.07,0,1,0,1
3268,T032,1.067,0.600,0.636,3.25,3.54,0,0,1,1
3269,T032,1.083,0.533,0.416,3.28,3.31,0,1,0,1
3270,T032,1.100,0.429,0.515,3.10,3.40,0,0,1,1
3271,T032,1.117,0.537,0.468,3.47,3.37,0,1,0,1
3272,T032,1.133,0.671,0.481,3.22,3.32,0,0,1,1
3273,T032,1.150,0.571,0.440,3.36,3.17,0,1,0,1
3274,T032,1.167,0.379,0.643,3.51,3.22,0,0,1,1
3275,T032,1.183,0.479,0.504,2.96,3.28,0,1,0,1
3276,T032,1.200,0.459,0.408,3.28,3.47,0,0,1,1
3277,T032,1.217,0.344,0.423,3.60,3.43,0,1,0,1
3278,T032,1.233,0.508,0.491,3.20,3.39,0,1,0,1
3279,T032,1.250,0.392,0.554,3.47,2.84,0,1,0,1
3280,T032,1.267,0.476,0.560,3.22,2.97,0,0,1,1
3281,T032,1.283,0.322,0.479,3.27,3.49,0,1,0,1
3282,T032,1.300,0.668,0.629,3.68,3.24,0,1,0,1
3283,T032,1.317,0.515,0.548,3.03,3.15,0,1,0,1
3284,T032,1.333,0.500,0.502,3.33,3.19,0,1,0,1
3285,T032,1.350,0.494,0.425,3.32,3.12,0,1,0,1
3286,T032,1.367,0.539,0.438,3.43,3.18,0,1,0,1
3287,T032,1.383,0.346,0.419,3.18,3.16,1,0,0,0
3288,T032,1.400,0.453,0.627,3.25,3.17,0,1,0,1
3289,T032,1.417,0.503,0.508,3.25,3.23,0,1,0,1
3290,T032,1.433,0.483,0.668,3.32,3.30,0,1,0,1
3291,T032,1.450,0.553,0.587,3.15,3.47,0,0,1,1
3292,T032,1.467,0.560,0.624,3.51,3.48,0,1,0,1
3293,T032,1.483,0.461,0.426,2.97,3.32,0,0,1,1
3294,T032,1.500,0.378,0.489,3.09,3.06,0,0,1,1
3295,T032,1.517,0.644,0.404,3.34,2.82,0,0,1,1
3296,T032,1.533,0.505,0.471,3.61,3.44,0,1,0,1
3297,T032,1.550,0.491,0.597,3.21,3.11,0,1,0,1
3298,T032,1.567,0.533,0.526,3.11,3.12,0,1,0,1
3299,T032,1.583,0.513,0.634,3.43,3.04,1,0,0,0
3300,T032,1.600,0.482,0.316,3.05,3.00,0,1,0,1
3301,T032,1.617,0.557,0.456,3.77,3.39,0,0,1,1
3302,T032,1.633,0.461,0.344,3.26,3.14,0,1,0,1
3303,T032,1.650,0.474,0.523,3.02,2.90,0,1,0,1
3304,T032,1.667,0.589,0.509,3.35,3.08,0,0,1,1
3305,T032,1.683,0.467,0.618,3.26,3.26,0,1,0,0
3306,T032,1.700,0.276,0.502,3.18,3.03,0,0,1,1
3307,T032,1.717,0.510,0.563,3.27,3.49,0,1,0,1
3308,T032,1.733,0.440,0.513,3.47,3.21,0,1,0,1
3309,T032,1.750,0.559,0.513,3.48,3.41,0,1,0,1
3310,T032,1.767,0.432,0.580,3.28,3.48,0,1,0,1
3311,T033,0.000,0.449,0.547,3.22,3.40,0,1,0,1
3312,T033,0.017,0.559,0.479,3.61,3.42,0,1,0,1
3313,T033,0.033,0.504,0.540,3.28,3.06,0,1,0,1
3314,T033,0.050,0.553,0.500,3.23,3.25,0,0,1,1
3315,T033,0.067,0.387,0.440,3.14,3.36,0,1,0,1
3316,T033,0.083,0.637,0.498,3.49,3.56,0,1,0,1
3317,T033,0.100,0.433,0.530,3.49,3.01,0,0,1,1
3318,T033,0.117,0.452,0.468,3.11,3.42,0,1,0,0
3319,T033,0.133,0.579,0.419,2.97,3.02,0,1,0,1
3320,T033,0.150,0.680,0.546,3.43,3.35,0,0,1,1
3321,T033,0.167,0.575,0.477,3.15,3.11,0,0,1,1
3322,T033,0.183,0.440,0.384,3.48,3.35,0,0,1,1
3323,T033,0.200,0.446,0.412,3.37,3.49,0,1,0,1
3324,T033,0.217,0.573,0.549,3.34,3.52,0,1,0,1
3325,T033,0.233,0.404,0.457,3.36,3.22,0,1,0,1
3326,T033,0.250,0.603,0.543,3.26,3.22,0,1,0,1
3327,T033,0.267,0.689,0.449,3.42,3.36,0,1,0,1
3328,T033,0.283,0.482,0.513,3.37,3.34,0,1,0,1
3329,T033,0.300,0.476,0.453,3.38,3.23,0,1,0,1
3330,T033,0.317,0.445,0.478,3.33,3.30,0,1,0,1
3331,T033,0.333,0.402,0.588,3.08,3.65,0,1,0,1
3332,T033,0.350,0.403,0.723,3.22,3.32,0,0,1,1
3333,T033,0.367,0.467,0.582,3.22,3.32,0,1,0,1
3334,T033,0.383,0.666,0.584,3.33,3.47,0,0,1,1
3335,T033,0.400,0.534,0.584,3.03,3.51,0,1,0,1
3336,T033,0.417,0.665,0.469,3.40,3.24,0,1,0,1
3337,T033,0.433,0.590,0.511,3.45,3.25,0,1,0,1
3338,T033,0.450,0.566,0.500,3.38,3.26,0,1,0,1
3339,T033,0.467,0.460,0.494,3.41,3.51,0,0,1,1
3340,T033,0.483,0.422,0.467,3.22,3.53,0,1,0,1
3341,T033,0.500,0.404,0.639,3.29,3.29,0,0,1,1
3342,T033,0.517,0.399,0.535,3.17,3.13,0,1,0,1
3343,T033,0.533,0.535,0.411,3.45,3.33,0,1,0,1
3344,T033,0.550,0.463,0.622,3.43,3.21,0,0,1,1
3345,T033,0.567,0.577,0.488,3.44,3.49,0,1,0,1
3346,T033,0.583,0.600,0.480,3.09,3.36,0,1,0,1
3347,T033,0.600,0.480,0.368,3.68,3.09,0,1,0,1
3348,T033,0.617,0.411,0.378,3.37,3.44,0,0,1,1
3349,T033,0.633,0.493,0.488,3.28,3.44,0,1,0,1
3350,T033,0.650,0.415,0.403,3.30,3.54,0,1,0,1
3351,T033,0.667,0.616,0.614,3.60,3.24,0,1,0,1
3352,T033,0.683,0.494,0.499,3.07,3.18,0,1,0,1
3353,T033,0.700,0.521,0.566,3.16,3.37,0,0,1,1
3354,T033,0.717,0.503,0.367,3.39,3.31,0,1,0,1
3355,T033,0.733,0.593,0.417,3.05,3.00,0,1,0,1
3356,T033,0.750,0.502,0.470,3.27,3.14,0,1,0,0
3357,T033,0.767,0.405,0.576,3.69,3.39,0,0,1,0
3358,T033,0.783,0.459,0.476,3.06,3.32,0,1,0,1
3359,T033,0.800,0.490,0.433,3.39,2.94,0,0,1,1
3360,T033,0.817,0.520,0.508,3.38,3.21,0,1,0,1
3361,T033,0.833,0.599,0.492,3.09,3.36,0,1,0,1
3362,T033,0.850,0.549,0.379,3.05,3.38,0,1,0,1
3363,T033,0.867,0.546,0.432,3.38,3.20,1,0,0,0
3364,T033,0.883,0.550,0.535,3.18,3.05,0,1,0,1
3365,T033,0.900,0.391,0.601,3.74,3.34,0,1,0,1
3366,T033,0.917,0.494,0.571,3.48,3.32,0,1,0,1
3367,T033,0.933,0.465,0.399,3.24,3.39,0,1,0,1
3368,T033,0.950,0.535,0.604,3.36,3.26,0,1,0,1
3369,T033,0.967,0.592,0.567,3.56,3.32,0,1,0,0
3370,T033,0.983,0.515,0.550,3.24,3.55,0,1,0,1
3371,T033,1.000,0.599,0.613,3.04,3.43,0,1,0,1
3372,T033,1.017,0.612,0.683,3.17,3.10,0,1,0,1
3373,T033,1.033,0.357,0.486,3.13,3.42,0,1,0,0
3374,T033,1.050,0.651,0.458,3.29,3.23,0,1,0,1
3375,T033,1.067,0.626,0.550,3.23,3.05,0,1,0,1
3376,T033,1.083,0.433,0.478,3.59,3.36,0,1,0,1
3377,T033,1.100,0.527,0.500,3.22,3.35,0,0,1,1
3378,T033,1.117,0.611,0.543,3.04,3.48,0,1,0,1
3379,T033,1.133,0.610,0.456,3.27,3.06,0,1,0,1
3380,T033,1.150,0.574,0.604,3.29,2.93,0,1,0,1
3381,T033,1.167,0.555,0.407,3.26,3.44,0,1,0,1
3382,T033,1.183,0.447,0.498,3.10,3.09,0,0,1,1
3383,T033,1.200,0.506,0.567,3.41,3.39,0,1,0,1
3384,T033,1.217,0.428,0.523,3.20,3.15,0,0,1,1
3385,T033,1.233,0.471,0.615,3.24,3.19,0,1,0,1
3386,T033,1.250,0.480,0.509,3.39,3.51,0,1,0,1
3387,T033,1.267,0.583,0.489,3.58,3.45,0,1,0,1
3388,T033,1.283,0.674,0.573,3.18,3.31,0,1,0,0
3389,T033,1.300,0.473,0.512,3.10,3.45,0,0,1,1
3390,T033,1.317,0.494,0.566,3.40,3.23,0,0,1,1
3391,T033,1.333,0.528,0.539,3.48,3.47,0,1,0,1
3392,T033,1.350,0.552,0.350,3.71,3.57,0,1,0,1
3393,T033,1.367,0.561,0.552,3.50,3.24,0,1,0,1
3394,T033,1.383,0.431,0.431,2.83,2.99,0,1,0,1
3395,T033,1.400,0.609,0.484,3.62,3.27,0,1,0,1
3396,T033,1.417,0.484,0.545,3.38,3.15,0,1,0,0
3397,T033,1.433,0.462,0.502,3.23,3.05,0,1,0,1
3398,T033,1.450,0.676,0.527,3.30,2.98,0,0,1,1
3399,T033,1.467,0.506,0.450,3.55,3.28,0,1,0,1
3400,T033,1.483,0.469,0.486,3.28,3.35,0,0,1,1
3401,T033,1.500,0.269,0.514,3.25,3.55,0,1,0,1
3402,T033,1.517,0.688,0.263,3.31,3.45,0,1,0,1
3403,T033,1.533,0.457,0.492,3.18,3.31,0,0,1,1
3404,T033,1.550,0.347,0.564,3.70,3.34,0,1,0,1
3405,T033,1.567,0.456,0.534,3.38,3.34,0,1,0,1
3406,T033,1.583,0.347,0.407,3.49,3.36,0,1,0,1
3407,T033,1.600,0.541,0.469,3.30,3.47,0,1,0,1
3408,T033,1.617,0.448,0.475,2.90,3.30,0,1,0,1
3409,T033,1.633,0.438,0.433,3.06,3.37,0,1,0,1
3410,T033,1.650,0.591,0.450,3.16,3.25,0,0,1,1
3411,T033,1.667,0.433,0.612,3.32,3.30,0,1,0,1
3412,T033,1.683,0.438,0.532,2.89,3.30,0,0,1,1
3413,T033,1.700,0.436,0.339,3.55,3.17,0,1,0,1
3414,T033,1.717,0.517,0.618,3.43,3.15,1,0,0,0
3415,T033,1.733,0.487,0.506,3.67,3.59,0,1,0,0
3416,T033,1.750,0.581,0.478,3.34,3.54,0,1,0,1
3417,T033,1.767,0.517,0.344,3.55,3.05,0,1,0,1
3418,T033,1.783,0.599,0.567,3.30,3.32,0,1,0,0
3419,T033,1.800,0.446,0.595,2.87,3.29,0,0,1,1
3420,T033,1.817,0.503,0.561,3.01,3.18,0,1,0,1
3421,T033,1.833,0.420,0.439,3.16,3.28,0,1,0,1
3422,T033,1.850,0.485,0.540,2.97,3.37,0,1,0,1
3423,T033,1.867,0.414,0.548,3.52,3.50,0,1,0,1
3424,T033,1.883,0.613,0.476,3.66,3.56,0,1,0,1
3425,T033,1.900,0.406,0.595,3.53,2.85,0,1,0,1
3426,T033,1.917,0.542,0.463,3.53,3.22,0,1,0,1
3427,T033,1.933,0.676,0.544,3.42,3.21,0,1,0,1
3428,T033,1.950,0.386,0.548,3.15,3.28,0,0,1,1
3429,T033,1.967,0.631,0.431,3.59,3.32,0,1,0,1
3430,T033,1.983,0.487,0.459,3.02,3.51,0,1,0,1
3431,T033,2.000,0.570,0.517,2.99,3.02,0,1,0,1
3432,T033,2.017,0.380,0.492,3.12,3.23,0,1,0,1
3433,T034,0.000,0.714,0.569,3.20,3.20,0,1,0,1
3434,T034,0.017,0.572,0.460,3.47,3.40,0,1,0,1
3435,T034,0.033,0.487,0.508,3.26,3.47,0,1,0,1
3436,T034,0.050,0.485,0.452,3.31,3.09,0,0,1,1
3437,T034,0.067,0.604,0.469,3.49,3.03,0,0,1,1
3438,T034,0.083,0.499,0.493,3.53,2.95,0,1,0,1
3439,T034,0.100,0.450,0.492,3.48,3.34,0,0,1,1
3440,T034,0.117,0.387,0.438,3.15,2.97,0,1,0,1
3441,T034,0.133,0.588,0.425,3.36,3.43,0,1,0,1
3442,T034,0.150,0.333,0.456,2.87,3.35,0,0,1,1
3443,T034,0.167,0.542,0.544,3.35,3.31,0,1,0,1
3444,T034,0.183,0.514,0.355,3.14,3.27,0,0,1,1
3445,T034,0.200,0.480,0.649,3.25,3.10,0,1,0,1
3446,T034,0.217,0.389,0.433,3.35,3.18,0,1,0,1
3447,T034,0.233,0.507,0.639,3.11,3.39,0,1,0,1
3448,T034,0.250,0.470,0.386,3.36,3.14,0,1,0,1
3449,T034,0.267,0.529,0.594,3.58,3.18,0,0,1,1
3450,T034,0.283,0.557,0.526,3.43,3.12,0,1,0,1
3451,T034,0.300,0.419,0.514,3.23,3.27,0,1,0,1
3452,T034,0.317,0.645,0.458,3.20,3.39,0,0,1,1
3453,T034,0.333,0.580,0.648,3.16,3.28,0,0,1,1
3454,T034,0.350,0.533,0.550,3.33,3.48,0,1,0,1
3455,T034,0.367,0.512,0.576,3.24,3.13,0,1,0,1
3456,T034,0.383,0.504,0.482,3.24,3.19,0,1,0,1
3457,T034,0.400,0.489,0.540,3.26,3.17,0,1,0,1
3458,T034,0.417,0.436,0.532,3.32,3.14,0,1,0,1
3459,T034,0.433,0.462,0.488,3.13,3.33,0,1,0,1
3460,T034,0.450,0.456,0.497,3.37,3.40,0,1,0,1
3461,T034,0.467,0.519,0.595,3.28,3.16,0,1,0,1
3462,T034,0.483,0.540,0.489,3.45,3.82,0,1,0,1
3463,T034,0.500,0.539,0.416,3.23,3.58,1,0,0,0
3464,T034,0.517,0.589,0.343,3.24,3.35,0,1,0,1
3465,T034,0.533,0.516,0.361,3.27,3.11,0,1,0,1
3466,T034,0.550,0.617,0.614,3.52,3.04,0,1,0,1
3467,T034,0.567,0.513,0.639,3.26,3.11,0,1,0,1
3468,T034,0.583,0.494,0.519,3.44,3.24,0,1,0,1
3469,T034,0.600,0.383,0.656,3.42,3.34,0,1,0,1
3470,T034,0.617,0.401,0.464,3.28,3.48,0,0,1,1
3471,T034,0.633,0.455,0.399,3.36,3.65,0,0,1,1
3472,T034,0.650,0.669,0.454,3.28,3.37,0,0,1,1
3473,T034,0.667,0.615,0.504,3.37,3.28,0,0,1,1
3474,T034,0.683,0.565,0.469,3.23,3.10,0,1,0,1
3475,T034,0.700,0.524,0.504,3.40,3.05,0,0,1,1
3476,T034,0.717,0.558,0.528,3.33,3.47,0,1,0,1
3477,T034,0.733,0.616,0.398,3.52,3.13,0,0,1,1
3478,T034,0.750,0.638,0.495,3.24,3.12,0,0,1,1
3479,T034,0.767,0.559,0.654,2.75,3.24,0,1,0,1
3480,T034,0.783,0.380,0.465,2.92,3.65,0,1,0,1
3481,T034,0.800,0.327,0.410,3.29,3.28,0,1,0,1
3482,T034,0.817,0.474,0.536,3.20,3.06,0,0,1,1
3483,T034,0.833,0.557,0.521,3.63,3.08,0,1,0,1
3484,T034,0.850,0.602,0.572,3.42,3.41,0,1,0,1
3485,T034,0.867,0.440,0.481,3.00,3.21,0,1,0,1
3486,T034,0.883,0.521,0.526,3.30,3.55,0,1,0,1
3487,T034,0.900,0.431,0.451,3.24,3.49,0,1,0,1
3488,T034,0.917,0.463,0.414,3.35,3.22,0,0,1,1
3489,T034,0.933,0.408,0.518,3.01,3.30,0,0,1,1
3490,T034,0.950,0.600,0.295,3.46,3.36,0,1,0,1
3491,T034,0.967,0.588,0.584,3.09,3.66,0,1,0,1
3492,T034,0.983,0.491,0.682,3.30,3.30,0,1,0,1
3493,T034,1.000,0.421,0.369,3.41,3.17,0,0,1,1
3494,T034,1.017,0.495,0.445,3.17,3.25,0,1,0,1
3495,T034,1.033,0.563,0.604,3.21,3.51,0,1,0,1
3496,T034,1.050,0.494,0.508,3.38,3.35,0,1,0,1
3497,T034,1.067,0.389,0.530,3.16,3.28,1,0,0,0
3498,T034,1.083,0.551,0.505,3.43,3.23,0,1,0,1
3499,T034,1.100,0.338,0.597,3.19,3.21,0,1,0,1
3500,T034,1.117,0.552,0.454,3.04,3.47,0,1,0,1
3501,T034,1.133,0.585,0.474,3.20,3.55,0,1,0,1
3502,T034,1.150,0.417,0.687,3.27,3.05,0,1,0,1
3503,T034,1.167,0.378,0.413,2.92,3.35,0,0,1,1
3504,T034,1.183,0.565,0.456,3.26,3.19,0,1,0,1
3505,T034,1.200,0.627,0.546,3.44,3.26,0,1,0,1
3506,T034,1.217,0.544,0.634,3.49,3.10,0,1,0,1
3507,T034,1.233,0.459,0.439,3.38,3.56,0,1,0,1
3508,T034,1.250,0.394,0.429,3.42,3.31,0,1,0,1
3509,T034,1.267,0.430,0.373,3.34,3.37,0,1,0,1
3510,T034,1.283,0.509,0.528,3.55,3.23,0,0,1,1
3511,T034,1.300,0.497,0.606,3.40,3.21,0,0,1,1
3512,T034,1.317,0.484,0.593,3.17,3.41,0,1,0,1
3513,T034,1.333,0.331,0.398,3.21,3.40,0,1,0,1
3514,T034,1.350,0.505,0.508,3.18,2.82,0,1,0,1
3515,T034,1.367,0.462,0.526,3.13,3.11,0,0,1,1
3516,T034,1.383,0.490,0.588,3.24,3.27,0,1,0,1
3517,T034,1.400,0.534,0.491,3.52,3.35,0,0,1,1
3518,T035,0.000,0.560,0.342,2.96,3.19,0,1,0,1
3519,T035,0.017,0.466,0.600,3.44,3.47,0,1,0,1
3520,T035,0.033,0.588,0.379,3.31,3.51,1,0,0,0
3521,T035,0.050,0.595,0.500,3.41,3.35,0,1,0,1
3522,T035,0.067,0.495,0.421,3.67,3.22,0,0,1,1
3523,T035,0.083,0.517,0.459,3.24,3.31,0,1,0,1
3524,T035,0.100,0.448,0.554,3.22,3.05,0,1,0,1
3525,T035,0.117,0.535,0.471,3.24,3.89,0,1,0,1
3526,T035,0.133,0.563,0.640,3.38,3.41,1,0,0,0
3527,T035,0.150,0.521,0.542,3.15,3.48,0,0,1,1
3528,T035,0.167,0.500,0.515,3.33,3.19,0,1,0,1
3529,T035,0.183,0.453,0.509,3.12,3.35,0,1,0,1
3530,T035,0.200,0.470,0.318,3.36,3.49,0,1,0,1
3531,T035,0.217,0.414,0.501,3.64,3.10,0,1,0,1
3532,T035,0.233,0.426,0.427,3.45,3.42,0,1,0,1
3533,T035,0.250,0.422,0.489,3.07,3.32,0,1,0,1
3534,T035,0.267,0.507,0.643,3.11,3.61,0,1,0,1
3535,T035,0.283,0.446,0.376,2.83,3.15,0,1,0,1
3536,T035,0.300,0.487,0.354,3.20,3.35,0,0,1,1
3537,T035,0.317,0.498,0.634,3.17,3.50,0,1,0,1
3538,T035,0.333,0.467,0.566,3.32,3.19,0,0,1,1
3539,T035,0.350,0.494,0.609,3.10,3.29,0,1,0,1
3540,T035,0.367,0.466,0.486,2.96,3.47,0,0,1,1
3541,T035,0.383,0.548,0.572,3.40,3.04,0,0,1,1
3542,T035,0.400,0.509,0.612,3.41,3.77,0,1,0,1
3543,T035,0.417,0.492,0.507,3.06,3.38,0,1,0,1
3544,T035,0.433,0.488,0.465,3.31,3.15,0,1,0,1
3545,T035,0.450,0.629,0.549,3.05,3.40,0,0,1,1
3546,T035,0.467,0.402,0.456,3.30,3.24,0,1,0,1
3547,T035,0.483,0.462,0.487,3.50,3.03,0,1,0,1
3548,T035,0.500,0.393,0.430,3.32,3.09,0,1,0,1
3549,T035,0.517,0.460,0.468,3.45,3.22,0,1,0,1
3550,T035,0.533,0.503,0.600,2.98,3.42,0,1,0,1
3551,T035,0.550,0.442,0.646,3.12,3.25,0,0,1,1
3552,T035,0.567,0.547,0.651,3.18,3.34,0,0,1,1
3553,T035,0.583,0.496,0.506,3.11,3.45,0,0,1,1
3554,T035,0.600,0.590,0.368,3.22,3.62,0,1,0,1
3555,T035,0.617,0.496,0.464,3.35,3.51,0,1,0,1
3556,T035,0.633,0.494,0.463,3.16,3.23,0,0,1,1
3557,T035,0.650,0.559,0.461,3.38,3.16,0,1,0,0
3558,T035,0.667,0.520,0.478,3.52,3.27,0,0,1,1
3559,T035,0.683,0.468,0.570,3.19,3.08,0,1,0,1
3560,T035,0.700,0.518,0.446,3.47,3.27,0,0,1,1
3561,T035,0.717,0.591,0.446,3.23,3.23,0,0,1,1
3562,T035,0.733,0.563,0.466,3.63,3.70,0,1,0,1
3563,T035,0.750,0.532,0.487,3.27,3.26,0,1,0,1
3564,T035,0.767,0.518,0.502,3.12,3.27,0,1,0,1
3565,T035,0.783,0.576,0.474,3.16,3.59,0,1,0,1
3566,T035,0.800,0.406,0.522,3.31,3.03,0,1,0,1
3567,T035,0.817,0.497,0.429,3.32,3.23,0,0,1,1
3568,T035,0.833,0.415,0.598,2.82,3.18,0,1,0,1
3569,T035,0.850,0.486,0.487,3.40,3.22,0,1,0,1
3570,T035,0.867,0.519,0.506,3.33,3.22,0,0,1,1
3571,T035,0.883,0.643,0.533,3.31,3.44,0,0,1,1
3572,T035,0.900,0.465,0.580,3.40,2.85,0,1,0,1
3573,T035,0.917,0.587,0.408,3.12,3.24,0,1,0,1
3574,T035,0.933,0.472,0.570,3.22,3.71,0,1,0,1
3575,T035,0.950,0.508,0.544,3.39,3.24,0,1,0,1
3576,T035,0.967,0.539,0.575,3.34,3.28,0,1,0,1
3577,T035,0.983,0.412,0.249,3.23,3.42,0,0,1,1
3578,T035,1.000,0.607,0.411,3.09,3.35,0,1,0,1
3579,T035,1.017,0.479,0.455,3.32,3.39,0,1,0,1
3580,T035,1.033,0.557,0.384,3.09,3.21,1,0,0,0
3581,T035,1.050,0.535,0.410,3.51,3.40,0,1,0,1
3582,T035,1.067,0.494,0.635,3.31,3.23,0,1,0,1
3583,T035,1.083,0.384,0.553,3.35,3.35,0,1,0,1
3584,T035,1.100,0.616,0.518,3.21,3.59,0,1,0,1
3585,T035,1.117,0.517,0.616,3.29,3.39,1,0,0,0
3586,T035,1.133,0.508,0.544,3.25,3.21,0,1,0,1
3587,T035,1.150,0.354,0.548,3.33,2.97,0,1,0,1
3588,T035,1.167,0.580,0.494,3.10,3.27,0,1,0,1
3589,T035,1.183,0.567,0.587,3.17,3.34,0,1,0,1
3590,T035,1.200,0.593,0.403,3.45,3.29,0,0,1,1
3591,T035,1.217,0.474,0.553,3.43,3.22,0,1,0,1
3592,T035,1.233,0.422,0.614,3.26,3.32,0,0,1,1
3593,T035,1.250,0.466,0.442,3.66,3.46,0,1,0,1
3594,T035,1.267,0.446,0.478,3.27,2.94,0,1,0,1
3595,T035,1.283,0.410,0.543,3.30,3.37,0,1,0,1
3596,T035,1.300,0.473,0.407,3.14,3.42,0,1,0,1
3597,T035,1.317,0.608,0.475,3.35,3.05,0,1,0,0
3598,T035,1.333,0.429,0.506,3.00,3.34,0,0,1,1
3599,T035,1.350,0.584,0.400,3.30,3.21,0,0,1,1
3600,T035,1.367,0.524,0.584,3.20,3.50,0,1,0,1
3601,T035,1.383,0.423,0.587,3.30,3.38,0,1,0,1
3602,T035,1.400,0.392,0.633,3.19,3.18,0,1,0,1
3603,T035,1.417,0.499,0.555,3.06,3.17,0,1,0,1
3604,T035,1.433,0.461,0.535,3.28,3.36,0,1,0,1
3605,T035,1.450,0.524,0.371,3.15,3.45,0,0,1,1
3606,T035,1.467,0.436,0.510,3.43,3.45,0,1,0,1
3607,T035,1.483,0.531,0.504,3.48,3.24,0,1,0,1
3608,T035,1.500,0.617,0.560,3.58,3.08,0,1,0,1
3609,T035,1.517,0.511,0.400,3.40,2.92,0,1,0,1
3610,T035,1.533,0.422,0.441,3.22,3.12,0,1,0,1
3611,T035,1.550,0.376,0.401,3.17,3.06,0,1,0,1
3612,T035,1.567,0.508,0.660,3.17,3.20,0,1,0,1
3613,T035,1.583,0.581,0.584,3.30,3.19,0,0,1,1
3614,T035,1.600,0.471,0.580,3.23,3.54,0,1,0,1
3615,T035,1.617,0.661,0.636,3.32,3.29,0,0,1,1
3616,T035,1.633,0.559,0.562,3.21,3.09,0,1,0,1
3617,T035,1.650,0.479,0.463,3.37,3.80,0,1,0,1
3618,T035,1.667,0.386,0.496,3.18,3.26,0,1,0,0
3619,T035,1.683,0.514,0.624,2.90,3.16,0,1,0,1
3620,T035,1.700,0.416,0.381,3.29,3.18,0,1,0,1
3621,T035,1.717,0.372,0.535,3.31,3.42,0,1,0,1
3622,T035,1.733,0.512,0.374,3.31,3.26,0,1,0,1
3623,T035,1.750,0.293,0.424,3.44,3.37,0,1,0,1
3624,T035,1.767,0.602,0.552,3.45,3.43,0,1,0,1
3625,T035,1.783,0.462,0.363,3.58,3.51,0,0,1,1
3626,T035,1.800,0.458,0.604,3.48,3.12,0,1,0,1
3627,T035,1.817,0.497,0.556,3.31,3.27,0,0,1,1
3628,T035,1.833,0.531,0.463,3.58,3.60,0,0,1,1
3629,T035,1.850,0.416,0.451,3.50,3.06,0,1,0,1
3630,T035,1.867,0.528,0.528,3.67,3.32,0,0,1,1
3631,T035,1.883,0.423,0.352,3.24,2.99,0,1,0,1
3632,T035,1.900,0.506,0.466,3.40,3.49,0,1,0,1
3633,T035,1.917,0.522,0.643,3.28,3.48,0,1,0,1
3634,T035,1.933,0.528,0.558,3.23,3.19,0,0,1,1
3635,T035,1.950,0.381,0.526,3.40,3.52,0,1,0,1
3636,T035,1.967,0.481,0.495,3.20,3.33,0,1,0,1
3637,T035,1.983,0.387,0.485,3.26,3.68,0,1,0,1
3638,T035,2.000,0.482,0.416,3.30,3.36,0,1,0,1
3639,T035,2.017,0.391,0.500,3.27,3.28,0,1,0,1
3640,T035,2.033,0.413,0.468,3.26,2.93,0,0,1,0
3641,T035,2.050,0.470,0.505,3.47,3.29,0,1,0,1
3642,T035,2.067,0.485,0.422,3.15,3.27,0,1,0,1
3643,T035,2.083,0.538,0.487,3.30,3.35,0,0,1,1
3644,T035,2.100,0.612,0.464,3.18,3.20,0,1,0,0
3645,T035,2.117,0.579,0.386,3.48,3.42,0,1,0,1
3646,T035,2.133,0.557,0.536,3.20,3.43,0,0,1,1
3647,T036,0.000,0.545,0.444,3.45,3.40,0,1,0,1
3648,T036,0.017,0.504,0.626,3.05,3.08,0,1,0,1
3649,T036,0.033,0.517,0.431,3.53,3.20,0,0,1,1
3650,T036,0.050,0.689,0.503,3.31,3.16,0,1,0,1
3651,T036,0.067,0.526,0.536,3.58,3.24,0,0,1,1
3652,T036,0.083,0.527,0.521,3.30,2.98,0,1,0,1
3653,T036,0.100,0.419,0.597,3.35,3.41,0,1,0,1
3654,T036,0.117,0.517,0.448,3.24,3.13,0,1,0,1
3655,T036,0.133,0.560,0.481,3.09,3.21,0,1,0,1
3656,T036,0.150,0.460,0.411,3.08,3.11,0,1,0,1
3657,T036,0.167,0.482,0.594,3.33,3.37,0,1,0,1
3658,T036,0.183,0.474,0.464,3.41,3.20,0,1,0,1
3659,T036,0.200,0.417,0.664,3.62,3.05,0,0,1,1
3660,T036,0.217,0.347,0.497,3.31,3.31,0,0,1,1
3661,T036,0.233,0.650,0.522,3.32,3.40,0,1,0,1
3662,T036,0.250,0.555,0.530,3.58,3.05,0,1,0,1
3663,T036,0.267,0.677,0.504,3.20,3.39,0,1,0,1
3664,T036,0.283,0.598,0.362,2.91,3.51,0,1,0,1
3665,T036,0.300,0.274,0.524,3.44,3.20,0,1,0,1
3666,T036,0.317,0.458,0.477,3.39,3.55,0,1,0,1
3667,T036,0.333,0.575,0.490,3.40,3.58,0,1,0,1
3668,T036,0.350,0.581,0.456,3.48,3.37,0,0,1,1
3669,T036,0.367,0.604,0.463,3.38,3.31,0,1,0,1
3670,T036,0.383,0.412,0.615,3.10,3.53,0,1,0,1
3671,T036,0.400,0.502,0.629,3.33,3.30,0,1,0,1
3672,T036,0.417,0.629,0.649,3.54,3.36,0,1,0,1
3673,T036,0.433,0.518,0.364,3.62,3.02,0,1,0,1
3674,T036,0.450,0.499,0.563,3.38,3.34,0,0,1,1
3675,T036,0.467,0.556,0.555,3.37,3.21,0,0,1,1
3676,T036,0.483,0.652,0.582,3.44,3.64,0,1,0,1
3677,T036,0.500,0.394,0.520,3.41,3.53,0,1,0,1
3678,T036,0.517,0.664,0.416,3.51,2.87,0,1,0,1
3679,T036,0.533,0.417,0.503,3.26,3.01,0,1,0,1
3680,T036,0.550,0.473,0.586,3.53,3.08,0,1,0,1
3681,T036,0.567,0.392,0.369,3.33,3.12,0,0,1,1
3682,T036,0.583,0.522,0.590,3.05,3.18,0,1,0,1
3683,T036,0.600,0.521,0.513,3.14,3.32,0,1,0,1
3684,T036,0.617,0.495,0.628,3.14,3.31,0,0,1,1
3685,T036,0.633,0.552,0.528,3.17,3.37,0,1,0,1
3686,T036,0.650,0.490,0.608,3.20,3.32,0,1,0,1
3687,T036,0.667,0.475,0.461,3.35,3.09,0,1,0,1
3688,T036,0.683,0.534,0.555,3.06,3.53,0,1,0,1
3689,T036,0.700,0.496,0.290,3.36,3.30,0,1,0,1
3690,T036,0.717,0.608,0.492,3.02,3.46,0,1,0,1
3691,T036,0.733,0.301,0.551,3.39,3.53,0,1,0,1
3692,T036,0.750,0.525,0.412,3.28,3.50,0,1,0,1
3693,T036,0.767,0.515,0.357,3.62,3.33,0,1,0,1
3694,T036,0.783,0.551,0.491,3.36,3.13,0,1,0,1
3695,T036,0.800,0.526,0.504,3.59,3.33,0,0,1,1
3696,T036,0.817,0.604,0.646,3.40,3.20,0,1,0,1
3697,T036,0.833,0.432,0.603,3.43,3.38,0,1,0,1
3698,T036,0.850,0.591,0.531,3.09,3.07,0,1,0,1
3699,T036,0.867,0.623,0.426,3.15,3.48,0,1,0,1
3700,T036,0.883,0.378,0.526,2.85,3.14,0,1,0,1
3701,T036,0.900,0.447,0.424,3.29,2.99,0,1,0,1
3702,T036,0.917,0.631,0.594,3.02,3.19,0,1,0,1
3703,T036,0.933,0.600,0.474,3.03,3.72,0,1,0,1
3704,T036,0.950,0.421,0.549,3.22,3.40,0,1,0,1
3705,T036,0.967,0.558,0.564,3.35,3.03,0,1,0,1
3706,T036,0.983,0.480,0.372,3.20,3.01,0,1,0,1
3707,T036,1.000,0.537,0.532,3.37,3.34,0,1,0,1
3708,T036,1.017,0.534,0.447,3.23,3.41,0,1,0,1
3709,T036,1.033,0.519,0.450,3.29,3.67,0,1,0,1
3710,T036,1.050,0.467,0.507,3.26,3.29,0,0,1,1
3711,T036,1.067,0.458,0.458,3.39,3.42,0,1,0,1
3712,T036,1.083,0.416,0.400,3.41,3.22,0,1,0,1
3713,T036,1.100,0.381,0.533,3.45,3.08,0,1,0,1
3714,T036,1.117,0.415,0.529,3.68,3.25,0,1,0,1
3715,T036,1.133,0.473,0.468,2.98,3.21,0,1,0,1
3716,T036,1.150,0.469,0.470,3.33,3.07,0,0,1,1
3717,T036,1.167,0.369,0.520,3.60,3.03,0,1,0,1
3718,T036,1.183,0.629,0.369,3.16,2.91,0,1,0,0
3719,T036,1.200,0.520,0.622,3.34,3.45,0,1,0,1
3720,T036,1.217,0.404,0.475,3.17,3.38,0,1,0,1
3721,T036,1.233,0.602,0.460,3.32,3.09,0,0,1,1
3722,T036,1.250,0.513,0.643,3.23,3.31,1,0,0,0
3723,T036,1.267,0.571,0.430,3.39,3.39,0,1,0,1
3724,T036,1.283,0.418,0.321,3.37,3.52,0,1,0,1
3725,T036,1.300,0.519,0.529,3.16,3.21,0,1,0,1
3726,T036,1.317,0.383,0.568,3.55,3.64,0,1,0,1
3727,T036,1.333,0.404,0.527,3.34,3.30,0,1,0,1
3728,T036,1.350,0.488,0.488,3.36,3.20,0,1,0,1
3729,T036,1.367,0.546,0.524,3.06,2.95,0,1,0,1
3730,T036,1.383,0.436,0.446,3.51,3.17,0,0,1,1
3731,T036,1.400,0.557,0.506,3.37,3.32,0,1,0,1
3732,T036,1.417,0.446,0.483,3.39,3.32,0,0,1,1
3733,T036,1.433,0.665,0.566,3.14,3.22,0,1,0,1
3734,T036,1.450,0.540,0.588,2.98,3.11,0,1,0,1
3735,T036,1.467,0.497,0.515,3.31,3.56,0,1,0,1
3736,T036,1.483,0.392,0.508,3.19,3.54,0,1,0,1
3737,T036,1.500,0.474,0.351,3.18,3.28,0,1,0,1
3738,T036,1.517,0.529,0.469,3.40,3.26,0,1,0,1
3739,T036,1.533,0.502,0.447,3.26,3.53,0,1,0,1
3740,T036,1.550,0.509,0.483,3.49,3.45,0,1,0,1
3741,T036,1.567,0.697,0.472,2.87,3.09,0,1,0,1
3742,T036,1.583,0.580,0.512,3.39,3.27,0,1,0,1
3743,T036,1.600,0.596,0.308,3.24,3.44,0,1,0,1
3744,T036,1.617,0.529,0.496,3.12,3.29,0,0,1,1
3745,T036,1.633,0.320,0.467,3.25,3.10,0,1,0,1
3746,T036,1.650,0.610,0.289,3.07,3.28,0,1,0,1
3747,T036,1.667,0.408,0.599,3.32,3.23,0,1,0,1
3748,T036,1.683,0.570,0.407,3.42,3.22,0,0,1,1
3749,T036,1.700,0.441,0.381,3.43,3.03,0,1,0,1
3750,T036,1.717,0.581,0.364,3.42,3.19,0,0,1,1
3751,T036,1.733,0.456,0.474,3.12,3.14,0,1,0,1
3752,T036,1.750,0.620,0.490,3.00,3.57,0,1,0,1
3753,T036,1.767,0.490,0.479,3.53,3.52,0,0,1,1
3754,T036,1.783,0.334,0.403,2.97,3.65,0,1,0,1
3755,T036,1.800,0.726,0.282,3.02,3.10,0,1,0,1
3756,T036,1.817,0.475,0.553,3.54,3.11,0,1,0,1
3757,T036,1.833,0.530,0.611,3.24,3.28,0,1,0,1
3758,T036,1.850,0.653,0.551,3.03,3.52,0,1,0,1
3759,T036,1.867,0.545,0.516,3.50,3.28,0,1,0,1
3760,T036,1.883,0.519,0.569,3.32,3.24,0,0,1,1
3761,T036,1.900,0.523,0.437,3.14,3.30,0,1,0,1
3762,T036,1.917,0.419,0.521,3.48,3.37,0,0,1,1
3763,T036,1.933,0.526,0.550,3.47,3.26,0,1,0,1
3764,T036,1.950,0.415,0.473,3.78,3.09,0,1,0,1
3765,T036,1.967,0.615,0.542,3.35,3.42,0,1,0,1
3766,T036,1.983,0.661,0.616,3.33,3.27,0,1,0,1
3767,T036,2.000,0.406,0.514,3.37,3.20,0,1,0,1
3768,T036,2.017,0.506,0.336,3.23,3.36,0,1,0,1
3769,T036,2.033,0.435,0.485,3.30,3.15,0,1,0,1
3770,T036,2.050,0.521,0.480,3.19,3.15,0,1,0,1
3771,T036,2.067,0.373,0.435,2.84,3.37,0,1,0,1
3772,T036,2.083,0.616,0.512,3.35,3.13,0,1,0,1
3773,T036,2.100,0.478,0.497,3.34,3.23,0,1,0,1
3774,T036,2.117,0.504,0.567,3.32,3.41,0,0,1,1
3775,T036,2.133,0.487,0.368,3.06,3.25,0,1,0,1
3776,T036,2.150,0.616,0.503,3.46,3.18,0,1,0,1
3777,T036,2.167,0.380,0.532,3.34,3.27,0,1,0,1
3778,T036,2.183,0.493,0.522,3.13,3.38,0,1,0,1
3779,T036,2.200,0.727,0.458,3.20,3.30,0,1,0,1
3780,T036,2.217,0.429,0.605,3.41,3.55,0,1,0,1
3781,T036,2.233,0.488,0.506,3.21,3.11,0,0,1,1
3782,T036,2.250,0.485,0.359,3.32,3.56,0,1,0,1
3783,T036,2.267,0.482,0.448,3.32,3.51,0,1,0,1
3784,T036,2.283,0.415,0.395,3.13,3.15,0,0,1,1
3785,T036,2.300,0.399,0.315,3.72,3.56,0,1,0,1
3786,T036,2.317,0.447,0.467,3.13,3.54,0,0,1,1
3787,T036,2.333,0.429,0.489,3.61,3.34,0,1,0,1
3788,T036,2.350,0.421,0.482,3.11,3.51,0,1,0,1
3789,T036,2.367,0.522,0.620,3.24,3.36,0,0,1,1
3790,T036,2.383,0.533,0.336,3.19,3.02,0,0,1,1
3791,T036,2.400,0.370,0.504,3.20,3.45,0,0,1,1
3792,T036,2.417,0.576,0.348,3.64,3.34,0,1,0,1
3793,T036,2.433,0.549,0.509,3.12,3.36,0,1,0,1
3794,T036,2.450,0.492,0.493,3.17,3.35,0,1,0,1
3795,T036,2.467,0.482,0.489,3.40,3.46,0,1,0,1
3796,T036,2.483,0.539,0.519,3.25,3.12,0,1,0,1
3797,T036,2.500,0.559,0.526,3.56,3.33,1,0,0,0
3798,T036,2.517,0.549,0.400,3.30,3.51,0,0,1,1
3799,T036,2.533,0.489,0.538,3.43,3.45,0,1,0,1
3800,T036,2.550,0.370,0.490,3.39,3.01,0,1,0,1
3801,T036,2.567,0.609,0.504,3.10,3.49,0,1,0,1
3802,T036,2.583,0.566,0.537,3.37,3.30,0,1,0,1
3803,T036,2.600,0.542,0.576,3.50,3.27,0,1,0,1
3804,T036,2.617,0.389,0.444,3.51,2.96,0,1,0,1
3805,T037,0.000,0.561,0.636,3.02,3.48,0,1,0,1
3806,T037,0.017,0.412,0.555,3.28,3.16,0,1,0,1
3807,T037,0.033,0.533,0.622,3.38,3.02,0,1,0,1
3808,T037,0.050,0.455,0.576,3.33,3.07,0,0,1,1
3809,T037,0.067,0.531,0.529,3.41,3.52,0,1,0,1
3810,T037,0.083,0.449,0.447,3.04,3.40,0,1,0,1
3811,T037,0.100,0.465,0.503,3.12,3.18,1,0,0,0
3812,T037,0.117,0.712,0.490,3.32,3.23,0,1,0,0
3813,T037,0.133,0.471,0.420,3.29,3.32,0,1,0,1
3814,T037,0.150,0.554,0.569,3.27,3.17,0,1,0,1
3815,T037,0.167,0.519,0.416,3.16,3.17,0,1,0,1
3816,T037,0.183,0.504,0.504,3.20,3.17,0,1,0,1
3817,T037,0.200,0.553,0.450,3.28,3.55,0,1,0,1
3818,T037,0.217,0.479,0.528,3.39,3.63,0,1,0,1
3819,T037,0.233,0.460,0.409,3.26,3.27,0,0,1,1
3820,T037,0.250,0.361,0.514,3.10,3.40,0,0,1,1
3821,T037,0.267,0.604,0.469,3.38,3.05,0,1,0,1
3822,T037,0.283,0.511,0.581,3.33,3.11,0,1,0,1
3823,T037,0.300,0.569,0.522,3.41,3.35,0,0,1,1
3824,T037,0.317,0.567,0.481,3.34,3.46,0,1,0,0
3825,T037,0.333,0.661,0.483,3.28,3.06,0,1,0,1
3826,T037,0.350,0.526,0.420,3.21,3.17,0,1,0,1
3827,T037,0.367,0.550,0.569,3.79,3.45,0,1,0,1
3828,T037,0.383,0.457,0.533,3.66,3.14,0,1,0,1
3829,T037,0.400,0.674,0.594,3.13,3.08,0,1,0,1
3830,T037,0.417,0.377,0.443,3.22,3.51,0,1,0,1
3831,T037,0.433,0.561,0.349,3.24,3.36,0,1,0,1
3832,T037,0.450,0.453,0.569,3.19,3.35,0,0,1,1
3833,T037,0.467,0.360,0.553,3.42,3.42,0,1,0,1
3834,T037,0.483,0.530,0.611,3.16,3.32,0,1,0,1
3835,T037,0.500,0.438,0.454,3.01,3.41,0,1,0,1
3836,T037,0.517,0.495,0.453,3.19,3.06,0,1,0,1
3837,T037,0.533,0.391,0.532,3.41,3.30,0,0,1,0
3838,T037,0.550,0.560,0.554,3.27,3.74,0,1,0,1
3839,T037,0.567,0.557,0.384,3.20,3.37,0,1,0,1
3840,T037,0.583,0.542,0.478,3.48,3.32,0,1,0,1
3841,T037,0.600,0.553,0.460,3.05,3.49,0,1,0,1
3842,T037,0.617,0.549,0.516,3.30,3.37,0,1,0,1
3843,T037,0.633,0.517,0.569,3.20,3.42,0,1,0,1
3844,T037,0.650,0.510,0.659,3.11,3.36,0,1,0,1
3845,T037,0.667,0.439,0.590,3.51,3.54,0,0,1,1
3846,T037,0.683,0.554,0.426,3.60,2.95,0,0,1,1
3847,T037,0.700,0.538,0.491,3.14,3.38,0,1,0,1
3848,T037,0.717,0.515,0.476,3.04,3.17,0,1,0,1
3849,T037,0.733,0.485,0.561,3.20,3.26,0,1,0,1
3850,T037,0.750,0.633,0.534,3.28,3.56,0,0,1,1
3851,T037,0.767,0.514,0.457,3.46,3.19,0,1,0,1
3852,T037,0.783,0.414,0.464,3.62,3.03,0,1,0,1
3853,T037,0.800,0.509,0.625,3.04,3.25,0,0,1,1
3854,T037,0.817,0.448,0.381,3.45,3.04,0,1,0,1
3855,T037,0.833,0.382,0.620,3.51,3.22,0,1,0,1
3856,T037,0.850,0.604,0.377,3.16,3.35,0,1,0,1
3857,T037,0.867,0.479,0.509,3.41,3.45,0,1,0,1
3858,T037,0.883,0.554,0.506,3.32,2.98,0,0,1,1
3859,T037,0.900,0.658,0.498,3.53,3.48,0,1,0,1
3860,T037,0.917,0.343,0.450,3.16,3.04,0,1,0,1
3861,T037,0.933,0.527,0.564,3.37,3.16,0,0,1,1
3862,T037,0.950,0.492,0.624,3.44,3.52,0,0,1,1
3863,T037,0.967,0.458,0.480,3.02,3.65,0,1,0,1
3864,T037,0.983,0.484,0.547,3.40,3.23,0,1,0,1
3865,T037,1.000,0.475,0.625,3.57,3.40,0,1,0,1
3866,T037,1.017,0.453,0.438,3.37,3.38,0,0,1,1
3867,T037,1.033,0.469,0.436,3.29,3.26,0,0,1,1
3868,T037,1.050,0.454,0.372,3.42,3.27,0,1,0,1
3869,T037,1.067,0.593,0.477,3.70,3.33,0,1,0,1
3870,T037,1.083,0.482,0.375,3.50,3.30,0,1,0,1
3871,T037,1.100,0.531,0.408,3.38,3.48,0,1,0,1
3872,T037,1.117,0.539,0.412,3.33,3.32,0,0,1,1
3873,T037,1.133,0.435,0.566,3.39,3.13,0,0,1,1
3874,T037,1.150,0.520,0.467,3.21,3.23,0,1,0,0
3875,T037,1.167,0.408,0.485,3.33,3.31,0,1,0,1
3876,T037,1.183,0.480,0.432,3.06,3.11,0,1,0,1
3877,T037,1.200,0.626,0.533,3.19,3.57,0,0,1,1
3878,T037,1.217,0.483,0.569,3.12,3.04,0,0,1,1
3879,T037,1.233,0.520,0.396,3.19,3.29,0,1,0,1
3880,T037,1.250,0.558,0.494,3.21,3.44,0,1,0,1
3881,T037,1.267,0.498,0.399,3.30,3.37,0,0,1,1
3882,T037,1.283,0.444,0.382,3.41,3.32,0,0,1,1
3883,T037,1.300,0.574,0.533,3.41,3.24,0,1,0,1
3884,T037,1.317,0.487,0.523,3.44,3.38,1,0,0,0
3885,T037,1.333,0.504,0.624,3.25,3.40,0,1,0,1
3886,T037,1.350,0.637,0.533,3.16,3.35,0,1,0,1
3887,T037,1.367,0.374,0.402,3.31,3.15,0,1,0,1
3888,T037,1.383,0.566,0.455,3.13,3.42,0,1,0,1
3889,T037,1.400,0.501,0.373,3.56,3.63,0,1,0,1
3890,T037,1.417,0.483,0.496,3.12,3.12,0,1,0,1
3891,T038,0.000,0.489,0.483,3.28,3.32,0,1,0,1
3892,T038,0.017,0.558,0.461,3.20,3.21,0,1,0,1
3893,T038,0.033,0.463,0.653,3.59,3.18,0,1,0,1
3894,T038,0.050,0.611,0.593,3.38,3.61,0,1,0,1
3895,T038,0.067,0.436,0.392,3.41,3.28,0,1,0,1
3896,T038,0.083,0.365,0.517,3.22,3.43,0,1,0,1
3897,T038,0.100,0.509,0.631,3.03,3.24,0,0,1,1
3898,T038,0.117,0.518,0.626,3.05,3.19,0,1,0,0
3899,T038,0.133,0.445,0.601,2.94,3.49,0,1,0,1
3900,T038,0.150,0.430,0.579,3.07,3.42,1,0,0,0
3901,T038,0.167,0.428,0.417,3.58,3.16,0,1,0,1
3902,T038,0.183,0.460,0.619,3.08,2.98,0,0,1,1
3903,T038,0.200,0.647,0.596,3.53,3.62,0,1,0,1
3904,T038,0.217,0.500,0.470,3.31,3.43,0,0,1,1
3905,T038,0.233,0.418,0.495,3.27,3.45,0,1,0,1
3906,T038,0.250,0.417,0.466,3.58,3.37,1,0,0,0
3907,T038,0.267,0.491,0.643,3.45,3.21,0,0,1,1
3908,T038,0.283,0.434,0.632,3.35,3.60,0,1,0,1
3909,T038,0.300,0.448,0.470,3.19,3.43,0,1,0,1
3910,T038,0.317,0.565,0.566,3.26,3.09,0,0,1,1
3911,T038,0.333,0.574,0.449,3.25,3.76,0,1,0,1
3912,T038,0.350,0.456,0.492,3.56,3.39,0,1,0,1
3913,T038,0.367,0.417,0.509,3.30,3.29,0,1,0,1
3914,T038,0.383,0.559,0.581,3.19,3.14,0,1,0,1
3915,T038,0.400,0.392,0.490,3.09,3.54,0,1,0,1
3916,T038,0.417,0.504,0.559,3.25,3.15,0,1,0,1
3917,T038,0.433,0.407,0.466,3.29,3.27,0,1,0,1
3918,T038,0.450,0.475,0.439,3.46,3.43,0,1,0,1
3919,T038,0.467,0.397,0.482,3.56,3.09,0,1,0,1
3920,T038,0.483,0.494,0.640,3.11,3.35,0,1,0,1
3921,T038,0.500,0.545,0.608,3.40,3.12,0,1,0,1
3922,T038,0.517,0.569,0.582,3.41,3.43,0,1,0,1
3923,T038,0.533,0.492,0.536,3.21,3.57,0,1,0,1
3924,T038,0.550,0.484,0.436,3.31,3.16,0,1,0,1
3925,T038,0.567,0.573,0.463,3.53,3.37,0,1,0,1
3926,T038,0.583,0.311,0.537,3.43,3.02,0,1,0,1
3927,T038,0.600,0.545,0.542,3.63,3.44,0,1,0,1
3928,T038,0.617,0.583,0.403,2.92,3.53,1,0,0,0
3929,T038,0.633,0.584,0.525,3.63,3.34,0,1,0,1
3930,T038,0.650,0.502,0.540,2.97,3.36,0,0,1,1
3931,T038,0.667,0.428,0.540,3.39,3.67,1,0,0,0
3932,T038,0.683,0.467,0.472,3.60,3.08,0,1,0,1
3933,T038,0.700,0.611,0.479,3.36,3.48,0,0,1,1
3934,T038,0.717,0.473,0.506,3.39,3.35,0,1,0,1
3935,T038,0.733,0.405,0.447,3.31,3.17,0,1,0,1
3936,T038,0.750,0.555,0.589,3.14,3.26,0,1,0,1
3937,T038,0.767,0.501,0.447,3.32,3.17,0,1,0,1
3938,T038,0.783,0.351,0.632,2.91,3.19,0,0,1,1
3939,T038,0.800,0.358,0.519,3.38,2.91,0,1,0,1
3940,T038,0.817,0.466,0.400,3.56,3.44,0,1,0,1
3941,T038,0.833,0.511,0.454,3.13,3.13,0,1,0,1
3942,T038,0.850,0.553,0.494,3.44,3.29,0,1,0,1
3943,T038,0.867,0.366,0.428,3.33,3.23,0,1,0,0
3944,T038,0.883,0.473,0.515,3.61,3.25,0,1,0,1
3945,T038,0.900,0.565,0.454,3.51,2.97,0,1,0,1
3946,T038,0.917,0.381,0.478,3.34,3.17,0,0,1,1
3947,T038,0.933,0.597,0.416,3.22,3.15,0,1,0,1
3948,T038,0.950,0.549,0.647,3.48,3.42,0,0,1,1
3949,T038,0.967,0.531,0.485,3.32,3.18,0,1,0,1
3950,T038,0.983,0.627,0.504,2.98,3.09,0,1,0,1
3951,T038,1.000,0.372,0.493,3.43,3.07,0,1,0,1
3952,T038,1.017,0.549,0.456,3.49,3.33,0,1,0,1
3953,T038,1.033,0.542,0.512,3.38,3.35,0,1,0,1
3954,T038,1.050,0.639,0.549,2.98,3.32,0,1,0,1
3955,T038,1.067,0.510,0.470,3.00,3.52,0,1,0,1
3956,T038,1.083,0.467,0.492,3.16,3.54,0,1,0,1
3957,T038,1.100,0.363,0.500,3.65,3.07,0,1,0,1
3958,T038,1.117,0.452,0.553,3.34,3.40,0,1,0,1
3959,T038,1.133,0.472,0.488,3.13,3.30,0,1,0,1
3960,T038,1.150,0.463,0.504,3.11,3.84,0,1,0,1
3961,T038,1.167,0.574,0.442,3.29,3.43,0,0,1,1
3962,T038,1.183,0.487,0.584,3.23,3.38,0,1,0,1
3963,T038,1.200,0.549,0.560,3.09,3.27,0,1,0,1
3964,T038,1.217,0.614,0.472,3.38,3.22,0,1,0,1
3965,T038,1.233,0.516,0.472,3.20,3.24,0,1,0,1
3966,T038,1.250,0.427,0.579,3.27,3.22,0,0,1,1
3967,T038,1.267,0.536,0.377,3.50,3.11,0,0,1,1
3968,T038,1.283,0.389,0.459,3.42,3.21,0,1,0,1
3969,T039,0.000,0.480,0.517,3.19,3.33,0,0,1,1
3970,T039,0.017,0.458,0.420,3.50,3.48,0,1,0,1
3971,T039,0.033,0.700,0.702,3.34,3.22,0,1,0,1
3972,T039,0.050,0.487,0.659,3.17,3.22,0,0,1,1
3973,T039,0.067,0.411,0.543,3.15,3.17,0,1,0,1
3974,T039,0.083,0.630,0.429,3.18,3.31,0,1,0,1
3975,T039,0.100,0.478,0.478,3.46,3.04,0,0,1,1
3976,T039,0.117,0.432,0.488,3.25,3.11,0,1,0,1
3977,T039,0.133,0.644,0.415,3.10,3.08,0,1,0,1
3978,T039,0.150,0.602,0.531,3.51,3.10,0,1,0,1
3979,T039,0.167,0.436,0.469,3.31,3.44,0,1,0,1
3980,T039,0.183,0.550,0.442,3.49,3.21,0,1,0,1
3981,T039,0.200,0.508,0.643,3.20,2.99,0,0,1,1
3982,T039,0.217,0.514,0.469,3.43,3.06,0,1,0,1
3983,T039,0.233,0.616,0.479,3.36,3.19,0,0,1,1
3984,T039,0.250,0.464,0.522,3.31,3.19,0,1,0,1
3985,T039,0.267,0.490,0.474,3.35,3.61,0,1,0,1
3986,T039,0.283,0.673,0.626,3.34,3.37,0,0,1,1
3987,T039,0.300,0.559,0.447,3.36,3.56,0,1,0,1
3988,T039,0.317,0.414,0.479,3.44,3.37,0,1,0,1
3989,T039,0.333,0.501,0.363,3.29,3.42,0,1,0,1
3990,T039,0.350,0.549,0.652,3.04,3.40,0,0,1,1
3991,T039,0.367,0.461,0.590,2.98,3.66,0,0,1,1
3992,T039,0.383,0.439,0.469,3.33,3.24,0,1,0,1
3993,T039,0.400,0.540,0.427,3.14,3.12,0,1,0,1
3994,T039,0.417,0.572,0.454,3.23,3.49,0,1,0,1
3995,T039,0.433,0.505,0.582,2.98,3.42,0,1,0,1
3996,T039,0.450,0.444,0.430,3.50,3.02,0,1,0,1
3997,T039,0.467,0.566,0.487,3.54,3.34,0,1,0,1
3998,T039,0.483,0.562,0.666,3.45,3.62,0,1,0,1
3999,T039,0.500,0.473,0.547,3.17,3.38,0,0,1,1
4000,T039,0.517,0.466,0.445,3.36,3.37,0,1,0,1
4001,T039,0.533,0.447,0.400,3.35,3.10,0,1,0,1
4002,T039,0.550,0.598,0.314,3.28,3.16,0,0,1,1
4003,T039,0.567,0.449,0.577,3.17,3.55,0,1,0,1
4004,T039,0.583,0.453,0.466,3.41,3.18,0,1,0,1
4005,T039,0.600,0.413,0.570,3.09,3.19,0,1,0,1
4006,T039,0.617,0.575,0.565,3.41,3.34,0,0,1,1
4007,T039,0.633,0.588,0.473,3.34,3.33,0,1,0,0
4008,T039,0.650,0.516,0.599,3.06,3.21,0,1,0,1
4009,T039,0.667,0.518,0.541,3.32,3.30,0,1,0,1
4010,T039,0.683,0.462,0.571,3.06,3.52,0,1,0,1
4011,T039,0.700,0.526,0.490,3.28,3.33,0,0,1,1
4012,T039,0.717,0.429,0.449,3.22,3.27,0,1,0,1
4013,T039,0.733,0.503,0.308,3.37,3.22,0,1,0,1
4014,T039,0.750,0.441,0.556,3.32,3.25,0,1,0,1
4015,T039,0.767,0.575,0.413,3.37,3.34,0,1,0,1
4016,T039,0.783,0.441,0.513,3.42,3.22,0,1,0,1
4017,T039,0.800,0.589,0.414,3.49,3.53,0,1,0,1
4018,T039,0.817,0.544,0.570,2.82,3.34,0,0,1,1
4019,T039,0.833,0.402,0.372,2.81,3.45,0,0,1,1
4020,T039,0.850,0.411,0.473,3.21,3.48,0,0,1,1
4021,T039,0.867,0.536,0.578,3.45,3.13,0,1,0,0
4022,T039,0.883,0.505,0.545,3.25,3.13,0,1,0,1
4023,T039,0.900,0.475,0.464,3.37,3.33,0,1,0,1
4024,T039,0.917,0.636,0.550,3.35,3.40,0,1,0,1
4025,T039,0.933,0.567,0.599,3.02,3.29,0,0,1,1
4026,T039,0.950,0.472,0.587,3.27,3.47,0,0,1,1
4027,T039,0.967,0.526,0.549,3.36,3.40,0,1,0,1
4028,T039,0.983,0.390,0.503,3.04,3.40,0,1,0,1
4029,T039,1.000,0.565,0.569,2.97,3.50,0,1,0,1
4030,T039,1.017,0.433,0.363,3.01,3.29,0,1,0,1
4031,T039,1.033,0.658,0.665,3.55,3.64,0,1,0,1
4032,T039,1.050,0.488,0.524,3.40,3.19,0,1,0,1
4033,T039,1.067,0.386,0.370,3.22,3.20,0,0,1,1
4034,T039,1.083,0.597,0.493,3.32,3.27,0,0,1,1
4035,T039,1.100,0.356,0.414,3.30,3.13,0,1,0,1
4036,T039,1.117,0.541,0.497,3.08,3.29,0,1,0,1
4037,T039,1.133,0.528,0.490,3.33,3.27,0,1,0,1
4038,T039,1.150,0.716,0.651,3.45,3.22,0,1,0,1
4039,T039,1.167,0.419,0.555,3.53,3.23,0,0,1,1
4040,T039,1.183,0.486,0.585,3.34,3.37,0,1,0,1
4041,T039,1.200,0.517,0.416,3.28,3.54,0,0,1,1
4042,T039,1.217,0.541,0.526,3.09,3.38,0,1,0,1
4043,T039,1.233,0.606,0.465,3.32,3.19,0,1,0,1
4044,T039,1.250,0.475,0.519,3.25,3.28,0,0,1,1
4045,T039,1.267,0.430,0.516,3.42,3.26,0,0,1,1
4046,T039,1.283,0.611,0.467,3.43,3.54,0,0,1,1
4047,T039,1.300,0.533,0.523,3.46,3.09,0,1,0,1
4048,T039,1.317,0.482,0.497,3.59,3.53,0,0,1,1
4049,T040,0.000,0.553,0.526,3.32,2.89,0,1,0,1
4050,T040,0.017,0.395,0.394,3.58,3.27,0,0,1,1
4051,T040,0.033,0.564,0.405,3.47,3.00,0,1,0,1
4052,T040,0.050,0.332,0.517,3.43,3.08,0,0,1,1
4053,T040,0.067,0.572,0.541,3.31,2.92,0,1,0,1
4054,T040,0.083,0.631,0.461,3.39,3.49,0,1,0,1
4055,T040,0.100,0.558,0.572,3.41,3.41,0,1,0,1
4056,T040,0.117,0.482,0.522,3.32,3.56,0,0,1,1
4057,T040,0.133,0.455,0.555,3.44,3.02,0,1,0,1
4058,T040,0.150,0.337,0.452,3.16,3.20,0,1,0,1
4059,T040,0.167,0.537,0.555,3.22,3.52,0,1,0,1
4060,T040,0.183,0.409,0.576,3.36,3.23,0,0,1,1
4061,T040,0.200,0.422,0.431,3.08,3.28,0,0,1,1
4062,T040,0.217,0.518,0.489,3.07,3.37,0,1,0,1
4063,T040,0.233,0.550,0.546,3.41,3.11,0,1,0,1
4064,T040,0.250,0.508,0.440,3.18,3.44,0,1,0,1
4065,T040,0.267,0.329,0.396,3.36,2.95,0,1,0,1
4066,T040,0.283,0.623,0.475,3.47,3.06,0,1,0,1
4067,T040,0.300,0.452,0.505,3.29,3.20,0,1,0,1
4068,T040,0.317,0.635,0.410,3.11,2.92,0,1,0,1
4069,T040,0.333,0.533,0.488,3.26,3.31,0,1,0,1
4070,T040,0.350,0.525,0.443,3.30,3.21,0,1,0,1
4071,T040,0.367,0.403,0.515,3.31,3.44,0,0,1,1
4072,T040,0.383,0.528,0.578,3.25,3.18,0,1,0,1
4073,T040,0.400,0.491,0.504,3.33,3.06,0,1,0,1
4074,T040,0.417,0.637,0.534,3.58,3.32,0,0,1,1
4075,T040,0.433,0.609,0.603,3.53,3.29,0,1,0,1
4076,T040,0.450,0.621,0.602,3.14,3.07,0,1,0,1
4077,T040,0.467,0.537,0.535,2.82,3.24,0,0,1,1
4078,T040,0.483,0.456,0.501,3.44,3.27,0,1,0,1
4079,T040,0.500,0.666,0.586,3.42,3.08,0,0,1,1
4080,T040,0.517,0.530,0.591,3.50,3.36,0,1,0,1
4081,T040,0.533,0.524,0.394,3.41,3.42,0,0,1,1
4082,T040,0.550,0.447,0.480,3.08,3.33,0,0,1,1
4083,T040,0.567,0.566,0.523,3.56,3.24,0,1,0,1
4084,T040,0.583,0.341,0.481,3.37,3.24,1,0,0,0
4085,T040,0.600,0.420,0.429,3.21,3.19,0,1,0,1
4086,T040,0.617,0.606,0.492,3.18,3.35,0,0,1,0
4087,T040,0.633,0.531,0.472,3.65,3.17,0,1,0,1
4088,T040,0.650,0.594,0.595,3.19,3.31,0,0,1,1
4089,T040,0.667,0.540,0.399,3.58,3.15,0,0,1,1
4090,T040,0.683,0.486,0.465,3.20,3.36,0,1,0,1
4091,T040,0.700,0.460,0.501,3.22,3.24,0,1,0,1
4092,T040,0.717,0.514,0.466,2.99,3.28,0,1,0,1
4093,T040,0.733,0.533,0.465,2.89,3.21,0,1,0,1
4094,T040,0.750,0.446,0.571,3.49,3.27,0,1,0,1
4095,T040,0.767,0.496,0.394,2.95,3.35,0,1,0,1
4096,T040,0.783,0.485,0.462,3.34,3.13,0,1,0,1
4097,T040,0.800,0.566,0.601,3.33,3.49,0,1,0,1
4098,T040,0.817,0.454,0.436,3.26,3.34,0,1,0,1
4099,T040,0.833,0.440,0.543,2.93,3.41,0,1,0,1
4100,T040,0.850,0.518,0.375,3.10,3.28,0,1,0,1
4101,T040,0.867,0.398,0.440,3.21,3.09,0,1,0,1
4102,T040,0.883,0.455,0.478,3.46,3.24,0,0,1,1
4103,T040,0.900,0.503,0.676,3.33,3.54,0,1,0,1
4104,T040,0.917,0.559,0.559,3.47,3.21,0,1,0,1
4105,T040,0.933,0.368,0.514,3.18,3.33,0,0,1,1
4106,T040,0.950,0.582,0.502,2.98,3.55,0,0,1,1
4107,T040,0.967,0.328,0.495,3.23,3.26,0,1,0,1
4108,T040,0.983,0.511,0.517,3.47,3.32,0,1,0,1
4109,T040,1.000,0.475,0.563,3.38,3.27,0,1,0,1
4110,T040,1.017,0.448,0.516,3.39,3.24,0,0,1,1
4111,T040,1.033,0.499,0.527,3.16,3.50,0,1,0,1
4112,T040,1.050,0.533,0.399,3.13,3.37,0,1,0,1
4113,T040,1.067,0.271,0.518,3.49,3.43,0,0,1,1
4114,T040,1.083,0.420,0.494,3.39,3.28,0,1,0,1
4115,T040,1.100,0.582,0.519,2.78,3.44,0,0,1,1
4116,T040,1.117,0.432,0.390,3.46,3.41,0,1,0,1
4117,T040,1.133,0.661,0.581,3.08,3.18,0,1,0,1
4118,T040,1.150,0.610,0.444,3.33,3.37,0,0,1,1
4119,T040,1.167,0.415,0.519,3.68,3.36,0,0,1,1
4120,T040,1.183,0.467,0.431,3.15,3.46,0,1,0,1
4121,T040,1.200,0.452,0.424,3.27,3.16,0,1,0,1
4122,T040,1.217,0.325,0.594,3.10,3.16,0,1,0,1
4123,T040,1.233,0.559,0.466,3.18,3.15,0,0,1,1
4124,T040,1.250,0.460,0.365,3.38,3.40,0,1,0,1
4125,T040,1.267,0.443,0.514,3.22,3.10,0,1,0,1
4126,T040,1.283,0.485,0.477,3.19,2.95,0,1,0,1
4127,T040,1.300,0.485,0.478,3.28,2.84,0,1,0,1
4128,T040,1.317,0.419,0.442,2.94,3.40,0,1,0,1
